LSOA code (2011),Index of Multiple Deprivation (IMD) Score,Index of Multiple Deprivation (IMD) Rank (where 1 is most deprived)
E01000001,6.2,29199
E01000002,5.1,30379
E01000003,19.4,14915
E01000005,28.7,8678
E01032739,13.6,20391
E01032740,15.8,18089
E01000006,19.8,14486
E01000007,31.6,7256
E01000008,37.6,5010
E01000009,32.8,6736
E01000010,32.4,6900
E01000011,30.7,7698
E01000012,34.7,5990
E01000013,39.0,4573
E01000014,35.7,5650
E01000015,33.6,6405
E01000016,32.8,6739
E01000017,39.0,4570
E01000018,33.4,6504
E01000019,33.6,6410
E01000020,36.0,5520
E01000021,38.9,4611
E01000022,34.4,6098
E01000023,36.9,5243
E01000024,29.3,8333
E01000025,36.7,5303
E01000027,37.3,5097
E01000028,40.1,4240
E01000029,22.5,12389
E01000030,38.4,4760
E01000031,22.7,12267
E01000032,30.0,8037
E01000033,38.0,4879
E01000034,35.9,5575
E01000035,26.2,10070
E01000036,19.3,15028
E01000037,18.0,16128
E01000038,19.6,14671
E01000039,22.3,12542
E01000040,34.6,6028
E01000041,33.2,6601
E01000042,41.6,3842
E01000043,28.1,8992
E01000044,28.4,8825
E01000045,35.7,5639
E01000046,29.8,8138
E01000048,44.7,3117
E01000049,41.2,3928
E01000050,34.7,5994
E01000051,36.9,5228
E01000052,33.3,6549
E01000053,40.0,4249
E01000054,29.8,8124
E01000055,30.9,7604
E01000056,35.9,5571
E01000057,32.9,6712
E01000058,31.8,7176
E01000059,32.3,6950
E01000060,36.2,5475
E01000061,46.3,2802
E01000062,26.7,9781
E01000063,33.4,6520
E01000064,35.3,5791
E01000065,39.9,4296
E01000066,25.8,10329
E01000067,21.0,13573
E01000068,25.6,10421
E01000069,16.4,17580
E01000070,21.0,13531
E01000071,18.8,15370
E01000072,41.0,3974
E01000073,38.8,4645
E01000074,35.0,5870
E01000075,37.0,5215
E01000076,36.2,5451
E01000077,41.0,3967
E01000078,35.0,5874
E01000079,34.5,6057
E01000080,33.2,6596
E01000081,30.6,7738
E01000082,27.9,9100
E01000083,34.4,6111
E01000084,39.8,4315
E01000085,35.2,5838
E01000086,38.2,4822
E01000087,34.4,6122
E01000088,28.8,8574
E01000089,29.0,8508
E01000090,28.3,8873
E01000091,42.2,3669
E01000092,33.8,6348
E01000093,46.9,2669
E01000094,28.2,8930
E01000095,32.3,6984
E01000096,40.9,3997
E01000097,38.0,4866
E01000098,39.4,4455
E01000099,29.3,8373
E01000100,31.8,7152
E01000101,40.5,4126
E01000102,42.6,3557
E01000103,32.9,6708
E01000104,34.7,6002
E01000105,44.1,3229
E01000106,43.5,3355
E01000107,28.3,8865
E01000108,28.2,8940
E01000109,25.7,10373
E01000110,17.7,16365
E01000111,28.9,8544
E01000112,24.7,10925
E01000113,25.3,10601
E01000114,23.3,11855
E01032580,34.1,6215
E01033587,35.0,5880
E01033588,35.2,5808
E01000115,6.2,29174
E01000116,7.8,27318
E01000117,9.6,24958
E01000118,9.8,24743
E01000119,11.6,22657
E01000120,5.9,29572
E01000121,36.2,5463
E01000122,10.2,24308
E01000123,11.0,23278
E01000124,23.6,11634
E01000125,26.7,9759
E01000126,33.6,6407
E01000127,27.5,9275
E01000128,27.1,9555
E01000129,31.0,7554
E01000130,30.9,7621
E01000131,20.9,13623
E01000132,25.5,10459
E01000133,30.8,7660
E01000134,24.7,10969
E01000135,12.5,21585
E01000136,9.0,25840
E01000137,28.8,8611
E01000138,27.9,9114
E01000139,12.4,21727
E01000140,16.8,17164
E01000141,28.8,8601
E01000142,16.7,17305
E01000143,31.3,7380
E01000144,18.3,15833
E01000145,14.6,19310
E01000146,18.5,15647
E01000147,12.8,21282
E01000148,27.7,9213
E01000150,15.6,18371
E01000151,38.9,4606
E01000152,32.4,6908
E01000153,41.6,3826
E01000154,32.7,6805
E01000155,20.8,13700
E01000156,8.3,26669
E01000157,12.7,21431
E01000158,19.7,14606
E01000159,16.3,17696
E01000160,12.1,22025
E01000161,14.5,19434
E01000162,18.5,15689
E01000163,28.5,8744
E01000164,25.3,10557
E01000165,13.3,20782
E01000166,14.9,19054
E01000167,28.4,8854
E01000168,7.0,28357
E01000169,13.2,20813
E01000170,20.4,14031
E01000171,24.3,11210
E01000172,8.4,26533
E01000173,9.7,24872
E01000174,16.3,17685
E01000175,7.6,27536
E01000176,30.5,7768
E01000177,8.3,26742
E01000178,8.1,27008
E01000179,8.5,26462
E01000180,14.6,19391
E01000181,8.2,26821
E01000182,8.0,27057
E01000183,10.6,23760
E01000184,31.9,7110
E01000185,25.8,10299
E01000186,5.2,30326
E01000187,13.0,21042
E01000188,8.0,27036
E01000189,24.5,11051
E01000190,10.1,24311
E01000191,6.8,28527
E01000192,15.5,18475
E01000193,16.1,17828
E01000194,19.4,14920
E01000195,27.0,9593
E01000196,12.3,21850
E01000197,12.5,21591
E01000198,11.8,22353
E01000199,7.2,28042
E01000200,9.6,25046
E01000201,7.2,28084
E01000202,6.7,28623
E01000203,15.5,18422
E01000204,10.1,24436
E01000205,7.7,27397
E01000206,9.1,25629
E01000207,6.6,28804
E01000208,6.6,28766
E01000209,7.1,28249
E01000210,8.2,26833
E01000211,14.6,19377
E01000212,10.3,24145
E01000213,7.6,27586
E01000214,10.5,23881
E01000215,13.6,20414
E01000216,10.0,24507
E01000217,10.8,23520
E01000218,15.3,18612
E01000219,19.9,14460
E01000220,17.1,16891
E01000221,45.8,2878
E01000222,27.1,9539
E01000223,35.8,5606
E01000224,19.7,14638
E01000225,11.0,23364
E01000226,31.7,7222
E01000227,10.0,24577
E01000228,12.5,21621
E01000229,21.6,13079
E01000230,7.9,27204
E01000231,17.6,16447
E01000232,14.5,19413
E01000233,8.9,25991
E01000234,8.7,26226
E01000235,23.3,11811
E01000236,10.6,23808
E01000237,9.5,25066
E01000238,14.5,19485
E01000239,21.6,13120
E01000240,19.6,14717
E01000241,10.7,23646
E01000242,19.2,15111
E01000243,14.1,19861
E01000244,15.6,18293
E01000245,24.1,11312
E01000246,10.6,23751
E01000247,10.1,24330
E01000248,7.3,27938
E01000249,5.9,29613
E01000250,13.0,21023
E01000251,18.9,15365
E01000252,13.4,20654
E01000253,9.4,25200
E01000254,7.8,27346
E01000255,18.7,15471
E01000256,10.6,23742
E01000257,25.0,10770
E01000258,9.2,25595
E01000259,13.4,20665
E01000260,19.9,14473
E01000261,7.6,27512
E01000262,11.6,22595
E01000263,5.9,29609
E01000264,16.5,17488
E01000265,15.1,18822
E01000266,8.0,27042
E01000267,12.8,21327
E01000268,15.3,18670
E01000269,10.4,23965
E01000270,12.0,22199
E01000271,6.6,28725
E01000272,4.8,30661
E01000273,14.1,19790
E01000274,15.6,18373
E01000275,13.5,20490
E01000276,4.1,31443
E01000277,18.2,15935
E01000278,5.5,29998
E01000279,9.0,25843
E01000280,4.0,31544
E01000281,10.9,23416
E01000282,8.6,26321
E01000283,4.6,30858
E01000284,15.5,18467
E01000285,15.1,18783
E01000286,23.9,11433
E01000287,22.7,12242
E01000288,13.0,21005
E01000289,38.3,4786
E01000290,19.9,14405
E01000291,32.9,6697
E01000292,11.3,22974
E01000293,7.6,27550
E01000294,12.2,21893
E01000295,13.3,20731
E01000296,12.1,22036
E01000297,9.0,25783
E01000298,11.8,22372
E01000299,17.0,16989
E01000300,12.3,21880
E01000301,7.1,28246
E01000302,15.6,18360
E01000303,6.8,28555
E01000304,13.5,20455
E01000305,27.9,9115
E01000306,14.0,19906
E01000307,23.3,11835
E01000308,31.8,7151
E01000309,13.9,20046
E01000310,19.2,15067
E01000311,11.1,23246
E01000312,24.9,10806
E01000313,19.9,14409
E01000314,10.7,23679
E01000315,32.7,6785
E01000316,19.9,14454
E01000317,10.9,23497
E01000318,14.7,19218
E01000319,9.9,24628
E01000320,8.7,26150
E01000321,14.4,19535
E01000322,14.9,19048
E01000323,18.8,15389
E01000324,13.8,20202
E01033572,22.2,12628
E01033573,17.9,16181
E01000325,5.9,29599
E01000326,12.0,22206
E01000327,7.7,27457
E01000328,11.4,22853
E01000329,15.9,18060
E01000330,17.9,16254
E01000331,28.3,8888
E01000332,16.1,17857
E01000333,25.9,10270
E01000334,13.0,21066
E01000335,31.7,7186
E01000336,31.4,7373
E01000337,19.6,14747
E01000338,18.9,15333
E01000339,16.3,17653
E01000340,12.8,21230
E01000341,8.9,25941
E01000342,8.9,25891
E01000343,8.3,26633
E01000344,6.1,29332
E01000345,6.3,29145
E01000346,9.7,24927
E01000347,11.2,23128
E01000348,5.0,30525
E01000349,7.5,27736
E01000350,7.9,27197
E01000351,7.6,27580
E01000352,14.8,19159
E01000353,5.2,30316
E01000354,21.3,13302
E01000355,8.2,26842
E01000356,7.9,27128
E01000357,4.1,31429
E01000358,6.2,29282
E01000359,6.2,29254
E01000360,18.7,15534
E01000361,11.3,23027
E01000362,12.6,21457
E01000363,9.3,25379
E01000364,12.7,21389
E01000365,14.4,19555
E01000366,9.9,24683
E01000367,30.9,7599
E01000368,33.9,6298
E01000369,14.6,19297
E01000370,11.4,22899
E01000371,8.2,26858
E01000372,29.9,8063
E01000373,29.3,8331
E01000374,42.4,3624
E01000375,18.3,15879
E01000376,16.2,17727
E01000377,12.3,21848
E01000378,21.2,13369
E01000379,18.6,15579
E01000380,23.3,11840
E01000381,27.8,9141
E01000382,6.4,28932
E01000383,21.1,13501
E01000384,12.1,22083
E01000385,32.3,6958
E01000386,41.6,3835
E01000387,12.3,21777
E01000388,10.8,23585
E01000389,11.2,23070
E01000390,10.2,24292
E01000391,13.9,20043
E01000392,22.9,12119
E01000393,9.2,25584
E01000394,9.3,25359
E01000395,5.0,30471
E01000396,8.1,26986
E01000398,20.0,14343
E01000399,9.1,25650
E01000400,14.7,19222
E01000401,21.1,13478
E01000402,23.5,11661
E01000403,29.5,8247
E01000404,30.1,7988
E01000405,28.9,8556
E01000406,23.3,11865
E01000407,14.6,19290
E01000408,23.8,11511
E01000409,5.9,29535
E01000410,7.5,27698
E01000411,9.6,24984
E01000412,8.6,26294
E01000413,11.0,23374
E01000414,13.6,20333
E01000415,6.2,29162
E01000416,25.3,10611
E01000417,19.6,14752
E01000418,18.7,15526
E01000419,8.7,26164
E01000420,11.2,23155
E01000421,7.2,28043
E01000422,35.9,5556
E01000423,5.6,29890
E01000424,6.8,28573
E01000425,6.5,28921
E01000426,10.3,24090
E01000427,12.9,21182
E01000428,23.9,11429
E01000429,42.5,3591
E01000430,16.5,17477
E01000431,36.1,5493
E01000432,24.4,11135
E01000433,35.5,5702
E01000434,38.2,4809
E01000435,31.2,7461
E01000436,5.0,30492
E01000437,13.7,20296
E01000438,14.0,19919
E01000439,23.8,11510
E01000440,7.7,27367
E01000441,29.0,8484
E01000442,13.9,20054
E01000443,18.2,15949
E01000444,6.8,28530
E01000445,5.8,29687
E01000446,6.2,29153
E01000447,10.4,24076
E01000448,3.2,32132
E01000449,5.4,30072
E01000450,18.0,16089
E01000451,7.5,27695
E01000452,7.5,27715
E01000453,8.0,27021
E01000454,18.6,15605
E01000455,8.2,26845
E01000456,6.1,29319
E01000457,12.1,22056
E01000458,5.6,29877
E01000459,14.4,19511
E01000460,5.1,30405
E01000461,7.1,28207
E01000462,14.3,19613
E01000463,5.1,30387
E01000464,25.5,10479
E01000465,28.7,8670
E01000466,23.4,11745
E01000467,18.6,15630
E01000468,20.9,13661
E01000469,19.9,14434
E01000470,38.3,4777
E01032566,25.2,10669
E01000471,21.5,13163
E01000472,22.9,12105
E01000473,25.2,10632
E01000474,21.8,12945
E01000475,21.1,13473
E01000476,19.7,14647
E01000477,23.5,11703
E01000478,23.7,11562
E01000479,15.8,18106
E01000480,11.8,22429
E01000481,27.7,9179
E01000482,33.3,6542
E01000483,33.5,6463
E01000484,38.6,4689
E01000485,29.7,8179
E01000486,15.6,18391
E01000487,17.6,16441
E01000488,24.3,11178
E01000489,23.3,11883
E01000490,24.2,11248
E01000491,21.2,13387
E01000492,13.4,20615
E01000493,12.3,21822
E01000494,19.5,14784
E01000495,32.6,6848
E01000497,23.7,11593
E01000498,32.5,6869
E01000499,27.1,9517
E01000501,35.7,5656
E01000502,28.7,8665
E01000503,28.6,8720
E01000504,21.4,13251
E01000505,20.3,14065
E01000506,30.4,7823
E01000507,22.0,12769
E01000508,37.8,4930
E01000509,34.2,6199
E01000510,30.1,7979
E01000511,31.0,7553
E01000512,18.9,15315
E01000513,15.5,18437
E01000514,14.6,19311
E01000515,27.5,9286
E01000516,19.4,14898
E01000517,13.6,20424
E01000518,25.9,10230
E01000519,20.4,14037
E01000520,20.6,13856
E01000521,53.1,1713
E01000522,31.4,7331
E01000523,31.7,7193
E01000524,44.2,3221
E01000525,33.6,6401
E01000526,42.1,3682
E01000527,34.2,6182
E01000528,46.0,2844
E01000530,15.6,18359
E01000531,25.3,10593
E01000532,22.1,12698
E01000533,38.6,4690
E01000534,19.4,14890
E01000535,29.6,8193
E01000536,11.3,23043
E01000538,9.6,25022
E01000539,9.4,25260
E01000540,10.5,23930
E01000541,14.8,19152
E01000543,21.4,13232
E01000544,33.6,6429
E01000545,30.4,7854
E01000546,22.3,12520
E01000547,22.7,12266
E01000548,32.7,6791
E01000549,17.1,16885
E01000550,34.6,6026
E01000551,41.1,3943
E01000552,43.4,3375
E01000553,29.1,8467
E01000554,21.0,13528
E01000555,15.9,17999
E01000556,32.0,7082
E01000557,23.5,11719
E01000558,26.8,9694
E01000559,22.1,12685
E01000560,19.1,15170
E01000561,24.7,10941
E01000562,10.9,23487
E01000563,9.6,25021
E01000564,17.3,16724
E01000565,23.9,11437
E01000566,14.8,19130
E01000567,18.2,15988
E01000568,14.3,19684
E01000569,9.5,25177
E01000570,24.1,11328
E01000571,22.2,12576
E01000572,12.3,21873
E01000573,13.4,20580
E01000574,10.7,23631
E01000575,17.4,16668
E01000576,16.5,17462
E01000577,32.6,6835
E01000578,28.9,8553
E01000579,28.9,8541
E01000580,20.1,14258
E01000581,15.5,18404
E01000582,14.3,19625
E01000583,21.3,13321
E01000584,14.5,19420
E01000585,14.2,19713
E01000586,21.5,13162
E01000587,15.0,18908
E01000588,26.1,10086
E01000589,19.3,15004
E01000590,19.0,15271
E01000591,20.6,13852
E01000592,20.7,13808
E01000593,19.6,14685
E01000594,17.1,16924
E01000595,45.3,2994
E01000596,46.5,2747
E01000599,51.4,1969
E01000600,36.8,5250
E01000601,57.2,1192
E01000602,39.8,4335
E01000603,39.1,4557
E01000604,43.1,3443
E01000605,45.5,2954
E01000606,19.7,14627
E01000607,18.8,15403
E01000608,22.1,12668
E01000609,21.0,13560
E01000610,24.9,10807
E01000611,24.0,11357
E01000612,23.0,12061
E01000613,25.3,10614
E01000615,19.8,14567
E01000616,21.6,13069
E01000617,24.1,11317
E01000618,21.8,12895
E01000619,19.4,14873
E01000620,20.9,13624
E01000621,25.2,10660
E01000622,30.1,7963
E01000623,16.1,17826
E01000624,18.7,15459
E01000625,22.4,12420
E01000626,43.5,3361
E01000627,39.2,4522
E01000628,33.7,6391
E01000629,15.8,18148
E01000630,28.7,8671
E01000631,16.9,17121
E01000632,18.6,15543
E01000633,24.5,11067
E01000634,21.9,12873
E01000635,29.7,8174
E01000636,18.2,15999
E01000637,23.3,11819
E01000638,28.9,8516
E01000639,22.1,12728
E01000640,27.0,9599
E01000641,30.8,7673
E01000642,27.3,9415
E01000643,51.1,2011
E01000644,25.0,10775
E01033424,23.1,12020
E01033455,42.1,3699
E01033456,52.9,1738
E01033457,20.2,14149
E01033463,13.6,20396
E01033464,29.7,8142
E01033485,33.9,6307
E01000645,4.4,31081
E01000646,8.7,26185
E01000647,6.9,28453
E01000648,6.4,28942
E01000649,9.1,25707
E01000650,11.7,22579
E01000651,9.8,24779
E01000652,6.3,29124
E01000653,9.8,24777
E01000654,7.9,27153
E01000655,10.1,24376
E01000656,6.8,28540
E01000657,12.2,21964
E01000658,6.9,28425
E01000659,7.7,27441
E01000661,37.6,5014
E01000662,18.2,15994
E01000663,17.6,16476
E01000664,19.0,15225
E01000665,11.3,23013
E01000666,5.6,29934
E01000667,6.9,28484
E01000668,11.5,22745
E01000669,8.8,26111
E01000670,5.9,29576
E01000671,10.6,23784
E01000672,7.6,27582
E01000673,8.3,26712
E01000674,12.2,21905
E01000675,10.2,24305
E01000676,20.8,13716
E01000677,13.3,20694
E01000678,8.9,25871
E01000679,8.8,25999
E01000680,9.2,25580
E01000681,2.7,32415
E01000682,4.3,31181
E01000683,12.3,21817
E01000684,3.5,31879
E01000685,12.6,21456
E01000686,7.3,27949
E01000687,6.5,28847
E01000688,2.6,32463
E01000689,21.8,12957
E01000690,7.2,28098
E01000691,13.1,20929
E01000692,6.7,28643
E01000693,11.7,22520
E01000694,7.8,27349
E01000695,7.6,27622
E01000696,7.3,27929
E01000697,3.5,31919
E01000698,14.0,19941
E01000699,20.1,14234
E01000700,13.7,20231
E01000701,12.8,21278
E01000702,10.1,24366
E01000703,10.5,23918
E01000704,10.3,24111
E01000705,16.3,17604
E01000706,16.6,17373
E01000707,3.3,32027
E01000708,7.9,27232
E01000709,16.2,17782
E01000710,10.3,24099
E01000711,11.8,22423
E01000712,7.0,28325
E01000713,8.1,26931
E01000714,10.0,24549
E01000715,6.6,28816
E01000716,7.5,27657
E01000717,8.4,26511
E01000718,27.3,9395
E01000719,25.4,10496
E01000720,43.3,3404
E01000721,43.2,3421
E01000722,23.6,11642
E01000723,13.7,20244
E01000724,36.1,5486
E01000725,27.9,9089
E01000726,16.2,17771
E01000727,14.5,19463
E01000728,21.4,13215
E01000729,40.9,3993
E01000730,41.8,3782
E01000731,29.7,8144
E01000732,14.4,19583
E01000733,20.0,14387
E01000734,12.0,22209
E01000735,30.1,8001
E01000736,21.9,12857
E01000737,32.2,7000
E01000738,20.2,14203
E01000739,42.4,3608
E01000740,25.7,10368
E01000741,24.9,10835
E01000742,23.3,11887
E01000743,34.8,5959
E01000744,41.7,3807
E01000745,19.5,14848
E01000746,17.5,16568
E01000747,20.2,14131
E01000748,12.7,21419
E01000749,11.3,22952
E01000750,30.7,7689
E01000751,6.7,28683
E01000752,8.4,26565
E01000753,6.1,29304
E01000754,7.4,27768
E01000755,5.1,30441
E01000756,4.9,30572
E01000757,4.5,31058
E01000758,3.3,32014
E01000759,7.8,27295
E01000760,9.1,25692
E01000761,7.3,27991
E01000762,7.0,28376
E01000763,5.4,30116
E01000764,12.2,21942
E01000765,7.2,28050
E01000766,3.0,32211
E01000767,4.8,30743
E01000768,8.7,26148
E01000769,23.9,11404
E01000770,6.0,29445
E01000771,5.5,30037
E01000772,4.1,31454
E01000773,6.5,28902
E01000774,9.4,25304
E01000775,7.3,27896
E01000777,7.7,27406
E01000778,13.2,20877
E01000779,15.1,18817
E01000780,22.7,12270
E01000781,37.3,5113
E01000782,47.7,2534
E01000783,31.4,7328
E01000784,10.2,24279
E01000785,31.6,7238
E01000786,9.5,25123
E01000787,22.4,12471
E01000788,23.0,12035
E01000789,36.6,5332
E01000790,13.6,20322
E01000791,9.7,24944
E01000792,18.9,15361
E01000793,4.8,30674
E01000794,3.7,31758
E01000795,14.3,19648
E01000796,30.1,7964
E01000797,13.5,20518
E01000798,42.1,3678
E01000799,19.4,14874
E01000800,28.1,8996
E01000801,18.2,15958
E01000802,19.8,14577
E01000803,17.2,16781
E01000804,8.3,26655
E01000805,21.8,12954
E01000806,25.7,10370
E01000807,6.0,29408
E01000808,7.0,28321
E01000809,4.2,31318
E01000810,2.3,32559
E01000811,5.1,30389
E01000812,10.2,24258
E01000813,3.3,32063
E01000814,4.3,31234
E01000815,2.6,32451
E01000816,14.1,19874
E01000818,13.5,20548
E01000819,26.5,9866
E01000820,21.1,13461
E01000822,13.3,20757
E01000823,11.6,22675
E01000824,15.4,18531
E01000825,17.0,16991
E01000826,4.3,31197
E01000827,5.2,30326
E01000828,10.1,24387
E01000829,6.1,29353
E01000830,3.7,31714
E01000831,8.2,26887
E01000832,6.0,29475
E01000833,2.8,32354
E01000834,4.9,30642
E01000835,7.3,27931
E01000836,5.6,29957
E01000837,10.2,24247
E01000838,5.0,30500
E01000839,4.3,31198
E01000840,10.4,24041
E01000841,4.5,30964
E01032562,32.5,6897
E01032563,8.9,25895
E01032568,25.5,10457
E01032570,12.5,21598
E01000842,8.5,26391
E01000843,13.6,20412
E01000844,9.8,24762
E01000845,11.3,22982
E01000846,22.1,12675
E01000847,17.1,16872
E01000848,6.0,29434
E01000849,7.7,27430
E01000850,14.3,19686
E01000851,15.0,18953
E01000852,14.6,19304
E01000853,30.8,7640
E01000854,15.8,18104
E01000855,14.7,19276
E01000856,31.4,7345
E01000857,14.9,19069
E01000858,37.7,4987
E01000859,7.2,28039
E01000860,17.7,16393
E01000861,33.5,6470
E01000862,10.9,23485
E01000863,34.4,6114
E01000864,17.9,16182
E01000865,13.2,20799
E01000866,22.4,12432
E01000867,28.4,8822
E01000868,39.3,4488
E01000869,22.1,12664
E01000870,26.8,9686
E01000871,14.2,19707
E01000872,24.3,11176
E01000873,8.6,26279
E01000874,4.9,30591
E01000875,21.8,12887
E01000876,29.9,8051
E01000877,11.2,23154
E01000878,5.6,29860
E01000879,5.9,29597
E01000880,6.1,29333
E01000881,13.4,20586
E01000882,4.3,31192
E01000883,9.5,25075
E01000884,5.3,30248
E01000885,7.0,28290
E01000886,9.1,25622
E01000887,13.1,20985
E01000888,14.6,19356
E01000889,30.9,7620
E01000890,40.9,4006
E01000891,38.3,4795
E01000892,15.8,18135
E01000893,5.3,30202
E01000894,6.6,28780
E01000895,8.4,26602
E01000896,5.7,29763
E01000897,5.4,30122
E01000898,11.8,22390
E01000899,6.0,29501
E01000900,26.0,10171
E01000901,30.4,7868
E01000902,36.2,5453
E01000903,18.9,15302
E01000904,24.6,11021
E01000905,38.1,4848
E01000906,10.4,23987
E01000907,33.8,6341
E01000908,27.2,9462
E01000909,11.8,22437
E01000910,9.7,24847
E01000911,17.0,17027
E01000912,22.3,12523
E01000913,9.3,25415
E01000914,13.1,20943
E01000915,23.1,12012
E01000916,19.5,14830
E01000917,35.0,5902
E01000918,20.7,13788
E01000919,21.7,12962
E01000920,15.0,18902
E01000921,15.2,18723
E01000922,21.7,12979
E01000923,19.4,14943
E01000924,13.3,20738
E01000925,29.4,8318
E01000926,17.4,16623
E01000927,14.9,18974
E01000928,20.3,14085
E01000929,25.4,10528
E01000930,30.8,7671
E01000931,34.6,6050
E01000932,20.0,14310
E01000933,25.7,10342
E01000934,35.4,5734
E01000935,32.3,6954
E01000936,21.5,13208
E01000937,14.3,19616
E01000938,33.7,6387
E01000939,39.1,4547
E01000940,19.7,14633
E01000941,38.0,4860
E01000942,15.3,18602
E01000943,19.8,14517
E01000944,22.7,12258
E01000945,29.5,8263
E01000946,14.8,19148
E01000947,24.7,10959
E01000948,28.9,8522
E01000949,19.6,14696
E01000950,39.7,4347
E01000951,34.2,6164
E01000952,33.4,6511
E01000953,37.2,5146
E01000954,34.9,5931
E01000955,33.2,6579
E01000956,33.6,6420
E01000957,26.3,9984
E01000958,24.5,11047
E01000959,39.0,4567
E01000960,16.5,17492
E01000961,22.6,12315
E01000962,6.1,29401
E01000963,8.8,26116
E01000964,17.9,16265
E01000965,17.4,16618
E01000966,7.0,28370
E01000967,9.3,25349
E01000968,14.3,19671
E01000969,6.3,29120
E01000970,10.3,24158
E01000971,7.9,27230
E01000972,27.1,9542
E01000973,20.6,13867
E01000974,25.1,10710
E01000975,17.7,16380
E01000976,25.8,10317
E01000977,28.3,8864
E01000978,20.6,13895
E01000979,17.6,16495
E01000980,26.5,9879
E01000981,14.0,19959
E01000982,18.6,15540
E01000983,13.5,20498
E01000984,30.6,7716
E01000985,8.7,26136
E01000986,13.0,21003
E01000987,9.4,25290
E01000989,12.4,21663
E01000990,40.3,4189
E01000991,8.8,25997
E01000992,32.2,7019
E01000993,12.2,21934
E01000994,19.8,14569
E01000995,20.6,13889
E01000996,19.9,14397
E01000997,22.3,12509
E01000998,32.6,6849
E01000999,22.8,12197
E01001000,28.2,8917
E01001001,37.5,5065
E01001002,22.2,12648
E01001003,25.0,10779
E01001004,26.9,9626
E01001005,23.2,11930
E01001006,30.7,7710
E01001007,18.9,15344
E01001008,30.4,7840
E01001009,23.7,11542
E01001010,41.8,3792
E01001011,30.9,7617
E01001012,37.5,5032
E01001013,46.1,2836
E01001014,30.3,7895
E01001015,24.3,11187
E01001016,14.4,19580
E01001017,8.0,27025
E01001018,6.4,28945
E01001019,5.4,30069
E01001020,8.4,26497
E01001021,35.5,5720
E01001022,9.3,25335
E01001023,23.4,11765
E01001024,8.9,25960
E01001025,6.2,29173
E01001026,12.7,21373
E01001027,10.5,23880
E01001028,6.2,29249
E01001029,15.0,18934
E01001030,7.3,27962
E01001031,6.9,28476
E01001032,3.8,31701
E01001033,14.5,19477
E01001034,14.8,19092
E01001035,18.4,15799
E01001036,12.0,22193
E01001037,20.4,14015
E01001038,18.5,15646
E01001039,8.6,26259
E01001040,15.2,18763
E01001041,21.1,13451
E01001042,36.6,5333
E01001043,31.5,7324
E01001044,10.2,24251
E01001045,35.8,5615
E01001046,9.8,24801
E01001047,22.1,12736
E01001048,28.9,8534
E01001049,12.3,21805
E01001050,22.0,12739
E01001051,39.1,4553
E01001052,42.1,3683
E01001053,32.4,6916
E01001054,34.9,5919
E01001055,38.9,4623
E01001056,37.9,4911
E01001057,40.5,4109
E01001058,11.6,22615
E01001059,15.2,18690
E01001060,20.5,13900
E01001061,23.7,11605
E01001062,9.9,24671
E01001063,6.9,28486
E01001064,12.8,21223
E01001065,15.9,18054
E01001066,38.9,4602
E01001067,7.0,28333
E01001068,17.3,16728
E01001069,9.8,24807
E01001070,14.5,19494
E01001071,12.9,21108
E01001072,8.2,26813
E01001073,16.3,17617
E01001074,18.3,15845
E01001075,11.6,22665
E01001076,36.2,5461
E01001077,18.5,15639
E01001078,36.0,5536
E01001079,34.0,6279
E01001080,49.6,2247
E01001081,34.6,6015
E01001082,33.0,6659
E01001083,13.4,20660
E01001084,14.0,19960
E01001085,18.6,15555
E01001086,16.7,17278
E01001087,24.0,11394
E01001088,16.1,17821
E01001089,28.7,8631
E01001090,23.4,11770
E01001091,15.4,18543
E01001092,19.8,14497
E01001093,11.7,22543
E01001094,8.5,26468
E01001095,16.3,17663
E01001096,7.1,28195
E01001097,22.4,12443
E01001098,7.5,27652
E01001099,19.7,14611
E01001100,8.8,26012
E01001101,5.1,30394
E01001102,7.1,28156
E01001103,7.2,28082
E01001104,5.8,29727
E01001105,20.8,13713
E01001106,12.6,21553
E01001107,7.0,28273
E01001108,5.1,30386
E01001109,32.1,7046
E01001110,43.0,3477
E01001111,28.5,8781
E01001112,30.4,7851
E01001113,28.4,8829
E01001114,41.5,3866
E01001115,44.4,3186
E01001116,28.9,8560
E01001117,27.5,9323
E01001118,40.5,4115
E01001119,8.9,25971
E01001120,10.0,24489
E01001121,7.2,28016
E01001122,9.5,25084
E01001123,9.2,25485
E01001124,5.8,29636
E01001125,12.1,22109
E01001126,6.8,28547
E01001127,9.4,25246
E01001128,34.9,5944
E01001129,4.6,30882
E01001130,37.2,5163
E01001131,12.7,21386
E01001132,9.3,25449
E01001133,11.3,22956
E01001134,9.9,24648
E01001135,8.6,26298
E01001136,32.9,6706
E01001137,23.5,11694
E01001138,18.6,15577
E01001139,19.6,14729
E01001140,21.7,12982
E01001141,27.5,9313
E01001142,21.4,13217
E01001143,30.2,7941
E01001144,37.1,5183
E01001145,39.9,4281
E01001146,19.7,14580
E01001147,34.0,6270
E01001148,23.2,11948
E01001149,16.1,17888
E01001150,20.5,13899
E01001151,40.8,4019
E01001152,37.2,5158
E01001153,22.7,12275
E01001154,28.9,8530
E01001155,43.8,3291
E01001156,26.2,10027
E01001157,18.2,15973
E01001158,20.4,13982
E01001159,14.5,19487
E01001160,13.7,20215
E01001161,42.6,3575
E01001162,28.4,8850
E01001163,16.3,17644
E01001164,20.5,13940
E01001165,24.2,11281
E01001166,32.1,7025
E01001167,21.8,12891
E01001168,21.2,13421
E01001169,32.7,6795
E01001170,27.1,9544
E01001171,24.6,11031
E01001172,43.1,3467
E01001173,19.8,14566
E01001174,22.5,12417
E01001175,30.6,7742
E01001176,22.7,12219
E01001177,31.6,7251
E01001178,58.2,1096
E01001179,20.7,13775
E01001180,27.8,9127
E01001181,42.4,3607
E01001182,21.7,13038
E01001183,24.1,11301
E01001184,16.9,17067
E01001185,20.0,14358
E01001186,29.1,8461
E01001187,20.6,13847
E01001188,28.2,8950
E01001189,17.7,16383
E01001190,27.4,9331
E01001191,34.9,5914
E01001192,27.8,9166
E01001193,34.4,6123
E01001194,18.3,15918
E01032569,45.2,3024
E01001195,14.0,19967
E01001196,38.0,4857
E01001197,22.6,12321
E01001198,14.8,19095
E01001199,22.3,12563
E01001200,16.0,17969
E01001201,17.6,16425
E01001202,33.8,6344
E01001203,32.8,6778
E01001204,13.7,20285
E01001205,31.0,7545
E01001206,42.3,3637
E01001207,16.2,17745
E01001208,11.8,22354
E01001209,7.1,28190
E01001210,50.7,2075
E01001211,10.4,24028
E01001212,13.5,20550
E01001213,28.2,8943
E01001214,15.9,18010
E01001215,30.2,7934
E01001216,22.2,12636
E01001217,16.1,17865
E01001218,36.3,5429
E01001219,36.0,5527
E01001220,47.7,2523
E01001221,24.1,11345
E01001222,21.9,12874
E01001223,11.7,22559
E01001224,9.1,25604
E01001225,21.7,12984
E01001226,13.4,20668
E01001227,10.3,24152
E01001228,11.4,22860
E01001229,30.2,7923
E01001230,21.3,13358
E01001231,13.8,20102
E01001232,23.8,11537
E01001233,23.8,11472
E01001234,22.9,12109
E01001235,14.2,19722
E01001236,16.3,17674
E01001237,17.0,16963
E01001238,24.5,11044
E01001239,32.7,6813
E01001240,20.5,13977
E01001241,22.2,12616
E01001242,26.9,9639
E01001243,25.4,10522
E01001244,28.9,8569
E01001245,15.4,18507
E01001246,32.0,7075
E01001247,21.3,13338
E01001248,17.4,16655
E01001249,41.5,3848
E01001250,37.1,5176
E01001251,18.7,15489
E01001252,25.7,10397
E01001253,15.6,18300
E01001254,14.6,19351
E01001255,13.5,20547
E01001257,40.8,4021
E01001258,15.9,18071
E01001259,20.1,14241
E01001260,20.7,13738
E01001261,22.7,12265
E01001262,31.3,7386
E01001263,34.5,6069
E01001264,24.4,11124
E01001265,20.6,13878
E01001266,16.1,17834
E01001267,31.8,7140
E01001268,18.5,15642
E01001269,13.6,20420
E01001270,15.7,18289
E01001271,16.9,17106
E01001272,19.1,15184
E01001273,9.5,25179
E01001274,8.5,26422
E01001275,19.0,15212
E01001276,20.6,13885
E01001277,17.5,16527
E01001278,23.8,11526
E01001279,7.2,28128
E01001280,13.7,20279
E01001281,7.5,27738
E01001282,35.0,5881
E01001283,40.1,4237
E01001284,15.8,18191
E01001285,23.2,11937
E01001286,23.5,11665
E01001287,31.2,7443
E01001288,16.0,17925
E01001289,15.5,18420
E01001290,12.7,21401
E01001291,19.4,14947
E01001292,13.9,20084
E01001293,17.4,16678
E01001294,22.5,12398
E01001295,17.2,16799
E01001296,22.0,12764
E01001297,23.4,11800
E01001298,28.0,9045
E01001299,8.0,27061
E01001300,8.9,25967
E01001301,20.0,14321
E01001302,11.7,22524
E01001303,9.9,24632
E01001304,14.1,19885
E01001305,7.7,27464
E01001306,8.3,26685
E01001307,11.1,23210
E01001308,11.4,22868
E01001309,15.1,18839
E01001310,18.6,15589
E01001311,28.9,8519
E01001312,16.7,17313
E01001313,13.7,20272
E01001314,11.0,23394
E01001315,18.3,15913
E01001316,31.8,7159
E01001317,26.5,9896
E01001318,36.0,5532
E01001319,18.0,16095
E01001320,41.6,3831
E01001321,26.1,10147
E01001322,23.9,11458
E01001323,23.1,12015
E01001324,33.5,6468
E01001325,26.6,9812
E01001326,33.1,6645
E01001327,30.8,7636
E01001328,33.6,6406
E01001329,24.1,11307
E01001330,42.9,3501
E01001331,37.3,5126
E01001332,39.9,4277
E01001333,39.7,4369
E01001334,41.2,3919
E01001335,20.9,13665
E01001336,24.9,10825
E01001337,35.7,5627
E01001338,27.2,9484
E01001339,35.6,5657
E01001340,38.0,4859
E01001341,12.8,21235
E01001342,14.8,19108
E01001343,15.4,18564
E01001344,18.4,15761
E01001345,17.5,16547
E01001346,12.0,22171
E01001347,18.7,15517
E01001348,19.4,14879
E01001349,33.6,6422
E01001350,16.2,17789
E01001351,28.0,9030
E01001352,15.2,18684
E01001353,23.4,11787
E01001354,22.2,12592
E01001355,24.5,11088
E01001356,45.9,2863
E01001357,42.0,3722
E01001358,45.8,2888
E01001359,24.9,10824
E01001360,29.1,8447
E01001361,34.2,6178
E01001362,29.2,8413
E01001363,26.2,10083
E01001364,42.2,3672
E01001365,28.0,9026
E01001366,28.5,8743
E01001367,30.3,7890
E01001368,28.9,8520
E01001369,24.9,10823
E01001370,25.9,10253
E01001371,27.1,9509
E01001372,31.0,7551
E01001373,26.3,9995
E01001374,11.2,23089
E01001375,5.5,29992
E01001376,23.9,11416
E01001377,8.2,26779
E01001379,6.5,28867
E01001380,12.5,21610
E01001381,18.0,16099
E01001382,8.4,26572
E01001383,11.6,22673
E01001384,9.8,24713
E01001385,8.6,26344
E01001386,9.9,24623
E01001387,16.5,17508
E01001388,34.8,5956
E01001389,21.1,13509
E01032572,16.3,17645
E01032743,27.4,9353
E01032744,33.8,6338
E01001390,10.5,23838
E01001391,25.6,10400
E01001392,10.7,23651
E01001393,19.1,15156
E01001394,27.0,9612
E01001395,35.3,5795
E01001396,19.0,15197
E01001397,24.6,10992
E01001398,9.2,25510
E01001399,11.2,23079
E01001400,10.4,24050
E01001401,12.4,21705
E01001402,9.0,25812
E01001403,15.9,18070
E01001404,19.2,15105
E01001405,12.1,22069
E01001406,24.5,11086
E01001407,18.5,15675
E01001408,16.7,17296
E01001409,34.9,5926
E01001410,45.5,2967
E01001411,13.4,20608
E01001412,28.4,8853
E01001413,7.8,27340
E01001414,42.8,3518
E01001415,15.5,18476
E01001416,7.7,27463
E01001417,8.3,26756
E01001418,21.1,13494
E01001419,15.2,18716
E01001420,26.4,9953
E01001421,26.7,9728
E01001422,7.9,27233
E01001423,31.8,7161
E01001424,45.7,2918
E01001425,48.2,2455
E01001426,41.0,3965
E01001427,42.6,3582
E01001428,38.1,4845
E01001429,46.4,2781
E01001430,42.1,3702
E01001431,43.3,3388
E01001432,39.6,4375
E01001433,36.1,5499
E01001434,28.2,8928
E01001435,26.2,10023
E01001436,28.6,8730
E01001437,38.8,4642
E01001438,34.9,5904
E01001439,35.3,5806
E01001440,30.6,7766
E01001441,37.1,5182
E01001442,44.5,3165
E01001444,22.8,12215
E01001445,29.8,8094
E01001446,27.9,9085
E01001447,42.8,3524
E01001448,30.2,7950
E01001449,29.4,8289
E01001450,21.4,13223
E01001451,16.8,17172
E01001452,11.4,22909
E01001453,6.2,29230
E01001454,9.1,25609
E01001455,11.2,23129
E01001456,5.7,29825
E01001457,13.9,20056
E01001458,40.3,4196
E01001459,23.8,11498
E01001460,38.3,4797
E01001461,40.0,4246
E01001462,35.1,5863
E01001463,22.7,12284
E01001464,38.3,4782
E01001465,24.4,11104
E01001466,28.3,8860
E01001467,26.5,9903
E01001468,29.8,8107
E01001469,23.3,11863
E01001470,10.6,23825
E01001471,17.4,16683
E01001472,13.8,20183
E01001473,16.0,17974
E01001474,13.1,20983
E01001475,7.3,27973
E01001476,28.0,9017
E01001477,35.0,5893
E01001478,25.9,10250
E01001479,33.3,6554
E01001480,30.6,7739
E01001481,26.5,9869
E01001482,38.5,4720
E01001483,53.7,1643
E01001484,24.5,11064
E01001485,37.1,5172
E01001486,41.5,3856
E01001487,35.0,5869
E01001488,30.5,7798
E01001489,30.9,7594
E01001491,32.8,6746
E01001492,32.0,7065
E01001493,29.2,8384
E01001494,15.5,18473
E01001495,12.5,21557
E01001496,14.3,19665
E01001497,23.5,11718
E01001498,17.4,16629
E01001499,24.0,11372
E01001500,19.8,14503
E01001501,26.3,9993
E01001502,31.2,7448
E01001503,28.2,8948
E01001504,30.3,7894
E01001505,33.6,6432
E01001506,38.7,4674
E01001507,40.5,4121
E01001508,31.9,7139
E01001509,34.3,6129
E01001510,47.2,2622
E01001511,21.9,12867
E01001512,18.4,15781
E01001513,33.4,6497
E01001514,21.7,12968
E01001515,37.1,5175
E01001516,28.9,8539
E01001517,48.7,2365
E01001518,22.4,12462
E01001519,13.2,20796
E01001520,17.4,16603
E01001521,8.9,25863
E01001522,14.1,19881
E01001523,8.8,26051
E01001524,21.1,13445
E01001525,16.8,17196
E01001526,10.2,24301
E01001527,15.8,18129
E01001528,34.9,5918
E01001529,32.2,6993
E01001530,20.5,13931
E01001531,8.4,26522
E01001532,8.5,26409
E01001533,7.1,28218
E01001534,11.2,23107
E01001535,14.4,19585
E01001536,18.8,15451
E01001537,11.6,22687
E01001538,11.1,23188
E01001539,15.2,18732
E01001540,14.3,19677
E01001541,9.7,24871
E01001542,18.6,15570
E01001543,9.6,24981
E01001544,9.6,25045
E01001545,45.5,2973
E01001546,27.9,9083
E01001547,29.2,8436
E01001548,32.1,7056
E01001549,42.9,3503
E01001550,36.0,5526
E01001551,42.1,3680
E01001552,26.4,9954
E01001553,38.3,4794
E01001554,42.0,3713
E01001555,34.7,6000
E01001556,19.3,15029
E01001557,30.2,7947
E01001558,39.7,4348
E01001559,41.1,3951
E01001560,34.5,6067
E01001562,46.6,2725
E01001563,16.6,17402
E01001564,10.3,24184
E01001565,16.3,17684
E01001566,13.9,20017
E01001567,6.3,29111
E01001568,9.8,24723
E01001569,10.4,24037
E01001570,17.9,16189
E01032574,31.5,7300
E01033146,37.6,5022
E01033148,36.0,5551
E01033150,26.8,9725
E01033151,39.7,4365
E01001571,17.9,16175
E01001572,15.5,18456
E01001573,15.7,18225
E01001574,39.3,4479
E01001575,47.5,2565
E01001576,39.5,4419
E01001577,33.6,6440
E01001578,26.8,9697
E01001579,37.7,4983
E01001580,10.8,23584
E01001581,20.4,13999
E01001582,23.3,11864
E01001583,13.5,20534
E01001584,8.8,26016
E01001585,12.9,21113
E01001586,24.1,11294
E01001587,12.1,22066
E01001588,36.0,5533
E01001589,27.7,9174
E01001590,18.3,15901
E01001591,31.7,7189
E01001592,14.7,19244
E01001593,11.4,22827
E01001594,36.3,5415
E01001595,23.2,11892
E01001596,9.4,25312
E01001597,15.2,18757
E01001598,14.2,19780
E01001599,17.4,16636
E01001600,13.5,20482
E01001601,11.0,23383
E01001602,32.4,6918
E01001603,36.7,5305
E01001604,13.5,20549
E01001605,7.2,28074
E01001606,6.4,28995
E01001607,17.9,16263
E01001608,14.3,19688
E01001609,22.0,12789
E01001610,12.9,21169
E01001611,18.9,15294
E01001613,20.0,14317
E01001614,8.6,26343
E01001615,20.2,14143
E01001617,8.8,26084
E01001618,23.6,11623
E01001619,14.7,19186
E01001620,31.7,7205
E01001621,31.9,7132
E01001623,24.7,10924
E01001624,25.3,10556
E01001625,40.6,4073
E01001629,30.4,7852
E01001631,34.1,6211
E01001632,18.6,15631
E01001633,34.2,6202
E01001634,41.7,3802
E01001635,23.2,11906
E01001636,25.7,10378
E01001637,27.1,9554
E01001638,28.1,8986
E01001640,30.6,7763
E01001641,16.3,17618
E01001642,11.5,22742
E01001644,17.3,16768
E01001645,27.9,9118
E01001646,25.0,10745
E01001647,21.6,13052
E01001648,19.2,15054
E01001649,35.2,5827
E01001650,32.0,7097
E01001651,43.6,3333
E01001652,17.5,16562
E01001653,40.9,3995
E01001654,39.9,4285
E01001655,42.5,3586
E01001656,18.3,15898
E01001657,11.3,23034
E01001658,18.2,15955
E01001659,20.7,13757
E01001660,33.6,6434
E01001661,35.1,5857
E01001662,22.1,12724
E01001664,21.3,13303
E01001665,17.2,16860
E01001666,25.3,10546
E01001667,42.6,3574
E01001668,26.9,9655
E01001669,27.8,9131
E01001671,22.9,12091
E01001672,27.1,9511
E01001673,35.9,5579
E01001674,22.1,12679
E01001675,28.7,8659
E01001676,28.3,8863
E01001677,19.7,14595
E01001678,14.1,19867
E01001679,13.5,20502
E01001680,8.9,25987
E01001681,18.3,15871
E01001682,18.2,15940
E01001683,22.8,12171
E01001684,24.7,10933
E01001685,17.3,16704
E01001686,20.5,13909
E01001687,35.7,5655
E01001688,26.6,9824
E01001690,29.7,8164
E01001692,30.0,8020
E01001693,33.7,6383
E01001694,23.2,11923
E01001695,36.8,5276
E01001696,36.8,5270
E01001697,33.9,6293
E01001698,29.5,8235
E01001699,24.7,10944
E01001700,31.1,7478
E01001701,29.4,8286
E01001702,37.9,4923
E01001703,31.8,7158
E01001704,23.5,11676
E01001705,32.6,6839
E01001706,39.5,4427
E01001708,20.6,13833
E01001709,37.3,5099
E01001710,33.5,6464
E01001711,27.8,9120
E01001712,31.3,7387
E01001713,37.1,5191
E01032567,18.8,15449
E01033726,33.6,6446
E01033727,19.5,14786
E01033728,9.3,25444
E01033729,25.1,10717
E01033730,17.4,16644
E01033731,11.7,22527
E01033732,25.8,10335
E01033733,14.6,19291
E01033734,15.6,18297
E01033735,27.8,9152
E01033736,10.5,23883
E01033737,33.8,6353
E01033738,22.3,12531
E01033739,19.1,15162
E01033740,20.3,14071
E01033741,19.6,14715
E01033742,13.1,20945
E01033743,21.0,13578
E01033744,29.4,8319
E01033745,22.1,12697
E01033746,21.8,12902
E01001714,44.2,3216
E01001715,28.3,8857
E01001716,37.1,5179
E01001717,27.5,9310
E01001718,20.1,14212
E01001719,35.7,5629
E01001720,19.8,14558
E01001722,31.7,7202
E01001723,22.8,12151
E01001724,25.3,10562
E01001725,26.6,9853
E01001726,32.8,6738
E01001727,22.6,12316
E01001728,30.6,7754
E01001729,42.0,3718
E01001730,45.8,2897
E01001731,31.2,7474
E01001732,39.1,4530
E01001733,32.4,6917
E01001734,36.3,5446
E01001735,35.2,5831
E01001736,21.5,13149
E01001737,24.6,11026
E01001738,22.9,12095
E01001739,25.8,10312
E01001740,43.9,3274
E01001741,17.8,16337
E01001742,29.0,8495
E01001744,32.0,7078
E01001745,36.8,5257
E01001746,35.3,5801
E01001747,31.1,7514
E01001748,32.8,6737
E01001749,31.1,7497
E01001750,36.0,5518
E01001751,18.7,15464
E01001752,26.8,9681
E01001753,35.9,5565
E01001754,31.5,7318
E01001755,40.1,4241
E01001756,23.4,11738
E01001757,31.9,7129
E01001758,38.9,4616
E01001759,28.9,8528
E01001760,39.2,4504
E01001761,47.2,2627
E01001762,27.1,9543
E01001763,22.1,12683
E01001764,28.7,8634
E01001765,43.4,3374
E01001767,34.0,6287
E01001768,24.3,11196
E01001769,26.8,9723
E01001770,34.3,6158
E01001772,41.8,3791
E01001773,38.2,4810
E01001774,28.2,8923
E01001775,39.3,4495
E01001776,45.9,2862
E01001777,34.3,6154
E01001779,30.6,7718
E01001780,37.7,4965
E01001781,44.7,3123
E01001782,21.1,13505
E01001783,38.6,4695
E01001784,26.6,9803
E01001785,30.7,7676
E01001786,37.9,4889
E01001787,43.4,3371
E01001788,42.5,3601
E01001789,27.7,9211
E01001790,52.0,1876
E01001791,32.2,6994
E01001792,32.7,6784
E01001793,24.9,10841
E01001794,26.5,9886
E01001795,31.5,7320
E01001796,28.4,8807
E01001798,46.4,2769
E01001799,26.5,9863
E01001800,39.2,4523
E01001801,31.4,7336
E01001802,33.5,6460
E01001803,15.7,18241
E01001804,26.5,9895
E01001805,27.2,9451
E01001806,30.0,8025
E01001807,29.1,8454
E01001808,30.9,7625
E01001809,26.7,9795
E01001811,48.6,2394
E01001812,29.8,8096
E01001813,48.5,2413
E01001814,32.7,6783
E01001815,36.8,5285
E01001816,25.2,10641
E01001819,27.9,9108
E01001820,41.0,3969
E01001821,43.2,3434
E01001822,45.7,2917
E01001823,28.3,8874
E01001824,33.9,6317
E01001825,26.9,9633
E01001826,34.3,6162
E01001827,36.9,5244
E01001828,34.2,6187
E01001829,16.5,17491
E01001830,32.4,6903
E01001831,29.2,8414
E01001832,28.1,8976
E01001833,31.8,7150
E01001834,30.8,7666
E01001835,21.3,13308
E01001836,26.2,10064
E01001837,17.1,16914
E01001838,46.4,2780
E01001839,38.8,4640
E01001840,40.0,4256
E01001841,31.7,7204
E01001842,39.5,4411
E01001843,32.0,7074
E01001844,26.9,9624
E01001845,51.0,2027
E01001846,46.7,2705
E01001847,56.3,1315
E01001848,39.9,4298
E01001849,34.1,6227
E01001850,43.0,3486
E01033698,34.4,6091
E01033699,33.6,6411
E01033700,30.2,7953
E01033701,47.5,2578
E01033702,35.8,5611
E01033703,34.2,6196
E01033704,26.6,9828
E01033705,31.7,7191
E01033706,32.5,6887
E01033707,32.5,6864
E01033708,20.1,14243
E01033709,33.7,6366
E01033710,24.7,10980
E01033711,22.2,12611
E01033712,33.4,6490
E01033713,35.0,5892
E01001851,13.3,20771
E01001852,16.8,17221
E01001853,20.8,13706
E01001854,19.3,15003
E01001855,18.4,15740
E01001856,31.5,7267
E01001857,40.0,4267
E01001858,30.7,7701
E01001859,20.2,14141
E01001860,31.9,7131
E01001861,30.2,7937
E01001862,32.7,6802
E01001863,19.0,15265
E01001864,28.8,8604
E01001865,13.6,20324
E01001866,14.1,19847
E01001867,13.7,20289
E01001868,35.9,5585
E01001869,14.3,19649
E01001870,16.9,17083
E01001871,12.3,21856
E01001872,15.6,18352
E01001873,22.7,12256
E01001874,23.9,11438
E01001875,33.5,6449
E01001876,37.3,5098
E01001877,33.3,6532
E01001878,34.8,5979
E01001879,22.6,12354
E01001880,21.1,13446
E01001881,14.9,18973
E01001882,13.5,20454
E01001883,23.4,11772
E01001884,26.0,10214
E01001885,50.6,2091
E01001886,25.9,10269
E01001887,23.2,11893
E01001888,10.8,23550
E01001889,19.9,14425
E01001890,13.7,20292
E01001891,11.4,22811
E01001892,28.4,8819
E01001893,33.8,6342
E01001894,30.4,7814
E01001895,19.5,14790
E01001896,22.0,12744
E01001897,15.5,18490
E01001898,22.2,12598
E01001899,43.2,3413
E01001900,36.3,5414
E01001901,10.8,23507
E01001902,15.7,18248
E01001903,25.6,10447
E01001904,9.5,25162
E01001905,7.1,28139
E01001906,9.6,24988
E01001907,11.6,22696
E01001908,17.0,16979
E01001909,22.5,12383
E01001910,18.4,15768
E01001911,34.6,6011
E01001912,35.5,5706
E01001913,10.8,23554
E01001914,20.0,14365
E01001915,12.9,21120
E01001916,6.8,28505
E01001917,15.6,18372
E01001918,10.5,23841
E01001919,8.6,26263
E01001920,31.1,7494
E01001921,19.1,15164
E01001922,12.1,22079
E01001923,17.6,16437
E01001924,9.2,25569
E01001925,9.0,25768
E01001926,6.6,28809
E01001927,9.5,25171
E01001928,20.6,13864
E01001929,12.3,21853
E01001930,31.0,7537
E01001931,18.5,15702
E01001932,25.9,10242
E01001933,20.9,13652
E01001934,23.8,11507
E01001935,17.0,17011
E01001937,13.3,20728
E01001938,27.5,9309
E01001939,21.1,13510
E01001940,34.8,5966
E01001941,30.2,7925
E01001942,24.2,11283
E01001943,33.0,6650
E01001944,43.0,3478
E01001945,25.1,10706
E01001946,22.0,12811
E01001947,37.6,5002
E01001948,14.6,19353
E01001949,8.0,27040
E01001950,9.7,24876
E01001951,17.4,16651
E01001952,15.7,18223
E01001953,22.1,12704
E01001954,27.4,9370
E01001955,38.0,4877
E01001956,27.3,9420
E01001957,38.8,4637
E01001958,38.7,4675
E01001959,40.1,4238
E01001960,18.4,15773
E01001961,41.8,3771
E01032788,26.8,9722
E01032789,17.1,16892
E01032790,18.0,16130
E01001962,15.5,18441
E01001963,8.6,26300
E01001964,14.8,19124
E01001965,11.3,23030
E01001966,13.3,20730
E01001967,8.9,25963
E01001968,11.2,23140
E01001969,27.0,9566
E01001970,27.0,9598
E01001971,37.9,4922
E01001972,26.4,9943
E01001973,18.3,15884
E01001974,19.5,14821
E01001975,21.3,13355
E01001976,37.9,4917
E01001977,41.1,3940
E01001978,40.4,4152
E01001979,41.5,3861
E01001980,28.5,8788
E01001981,29.7,8167
E01001982,32.0,7077
E01001983,27.6,9236
E01001984,19.6,14754
E01001985,10.0,24521
E01001986,12.4,21667
E01001987,9.5,25129
E01001988,16.1,17894
E01001989,14.8,19138
E01001990,15.6,18313
E01001991,15.0,18931
E01001992,7.6,27577
E01001993,6.7,28651
E01001994,10.1,24362
E01001995,26.2,10079
E01001996,9.7,24875
E01001997,14.7,19221
E01001998,17.5,16516
E01001999,26.6,9806
E01002000,18.7,15505
E01002001,20.7,13735
E01002002,38.7,4676
E01002003,36.8,5261
E01002004,18.4,15817
E01002005,16.1,17870
E01002006,15.6,18324
E01002007,11.8,22397
E01002008,9.1,25611
E01002009,12.3,21826
E01002010,20.1,14235
E01002011,21.5,13214
E01002013,12.1,22009
E01002014,21.6,13122
E01002015,26.3,9999
E01002016,21.6,13101
E01002017,23.5,11671
E01002018,26.7,9786
E01002019,7.7,27449
E01002020,17.2,16855
E01002021,10.4,24077
E01002022,14.4,19545
E01002023,15.5,18466
E01002024,17.8,16274
E01002025,7.9,27147
E01002026,46.3,2796
E01002027,29.9,8044
E01002028,27.1,9520
E01002029,36.3,5426
E01002030,21.7,12975
E01002031,33.2,6590
E01002032,37.5,5050
E01002033,38.5,4748
E01002034,51.4,1966
E01002036,55.0,1464
E01002037,44.9,3076
E01002038,46.6,2736
E01002039,55.4,1411
E01002040,46.4,2791
E01002041,38.0,4881
E01002042,18.7,15502
E01002043,27.4,9360
E01002044,23.9,11412
E01002045,28.3,8899
E01002046,31.7,7221
E01002047,23.3,11874
E01002048,25.2,10638
E01002049,31.4,7343
E01002050,23.4,11791
E01002051,36.5,5369
E01002052,28.1,8956
E01002053,36.0,5534
E01002054,36.8,5281
E01002055,23.3,11825
E01002056,29.0,8479
E01002057,22.8,12189
E01002058,24.8,10897
E01002059,21.2,13380
E01002060,11.9,22247
E01002061,14.1,19827
E01002062,15.8,18183
E01002063,21.9,12876
E01002064,30.9,7606
E01002065,27.6,9234
E01002066,47.9,2497
E01002067,40.0,4260
E01002068,31.7,7220
E01002069,40.0,4272
E01002070,26.2,10051
E01002071,53.3,1685
E01002072,36.0,5544
E01002073,39.4,4466
E01002074,40.3,4179
E01002075,34.0,6284
E01002076,33.3,6556
E01002077,37.9,4915
E01002078,34.3,6136
E01002079,26.3,9991
E01002080,30.6,7760
E01002081,45.5,2971
E01002082,64.7,546
E01002083,17.7,16376
E01002084,27.2,9491
E01002085,28.2,8908
E01002086,33.0,6661
E01002087,35.3,5776
E01002088,24.2,11266
E01002089,47.0,2662
E01002090,39.5,4418
E01002091,41.4,3886
E01002092,35.9,5577
E01002093,46.9,2674
E01002094,41.2,3922
E01002095,46.9,2671
E01002096,43.3,3397
E01002097,42.2,3670
E01002098,22.0,12784
E01002099,40.5,4119
E01002100,33.8,6336
E01002101,21.6,13136
E01002102,28.1,8989
E01002103,25.6,10425
E01002104,25.5,10478
E01002105,28.0,9038
E01032575,37.6,4997
E01033085,28.4,8816
E01033086,41.9,3764
E01002106,10.4,23970
E01002107,6.4,28989
E01002108,8.5,26452
E01002109,9.0,25766
E01002110,7.6,27531
E01002111,14.9,19020
E01002112,6.3,29072
E01002113,15.9,18020
E01002114,21.8,12948
E01002115,12.9,21124
E01002116,8.6,26311
E01002117,16.3,17612
E01002118,18.7,15531
E01002119,19.3,14963
E01002120,31.6,7228
E01002121,11.8,22384
E01002122,15.6,18298
E01002123,17.1,16942
E01002124,14.4,19547
E01002125,15.5,18470
E01002126,14.7,19272
E01002127,13.3,20756
E01002128,17.8,16310
E01002129,17.9,16216
E01002130,24.6,11018
E01002131,28.7,8650
E01002132,9.3,25446
E01002133,33.1,6641
E01002134,9.2,25562
E01002135,15.2,18752
E01002136,12.8,21233
E01002137,4.7,30813
E01002138,17.5,16583
E01002139,30.8,7669
E01002140,18.3,15873
E01002141,15.1,18818
E01002142,14.4,19554
E01002143,20.0,14373
E01002144,13.8,20101
E01002145,15.8,18154
E01002146,3.6,31847
E01002147,8.8,26037
E01002148,10.4,24001
E01002149,4.6,30915
E01002150,10.7,23608
E01002151,34.1,6225
E01002152,6.4,28974
E01002153,5.7,29775
E01002154,12.7,21403
E01002155,6.9,28451
E01002156,6.9,28427
E01002157,10.9,23409
E01002158,6.0,29427
E01002159,13.0,21098
E01002160,13.1,20906
E01002161,14.7,19247
E01002162,17.8,16353
E01002163,11.2,23147
E01002164,8.8,26005
E01002165,14.6,19339
E01002166,13.3,20715
E01002167,20.3,14079
E01002168,26.0,10183
E01002169,18.1,16024
E01002170,16.5,17473
E01002171,11.4,22823
E01002172,12.8,21241
E01002173,13.6,20318
E01002174,10.3,24165
E01002175,11.6,22661
E01002176,12.9,21152
E01002177,13.9,20015
E01002178,10.0,24508
E01002179,21.1,13474
E01002180,26.9,9672
E01002181,12.4,21668
E01002182,14.7,19260
E01002183,19.1,15115
E01002184,18.6,15620
E01002185,30.6,7721
E01002186,18.6,15554
E01002187,12.4,21695
E01002188,3.2,32125
E01002189,5.7,29842
E01002190,6.2,29270
E01002191,6.5,28891
E01002192,6.7,28705
E01002193,11.0,23375
E01002194,5.4,30112
E01002195,5.7,29769
E01002196,5.4,30139
E01002197,12.0,22180
E01002198,13.2,20803
E01002199,10.4,23974
E01002200,15.9,17997
E01002201,9.7,24820
E01002202,18.3,15836
E01002203,13.1,20984
E01002204,14.0,19969
E01002206,14.3,19682
E01002207,11.8,22350
E01002208,5.0,30543
E01002209,9.9,24598
E01002210,8.5,26446
E01002211,27.3,9388
E01002212,19.7,14594
E01002213,18.0,16121
E01002214,18.3,15825
E01002215,26.8,9693
E01002216,12.2,21924
E01002217,32.7,6812
E01002218,16.6,17413
E01002219,20.4,14033
E01002220,14.6,19337
E01002221,16.9,17092
E01002222,13.2,20887
E01002223,14.2,19692
E01002224,23.6,11629
E01002225,7.0,28358
E01002226,13.9,20044
E01002227,38.2,4814
E01002228,13.8,20166
E01002229,20.3,14052
E01002230,10.4,23954
E01002231,22.4,12439
E01002232,19.7,14624
E01002233,24.8,10857
E01002234,18.9,15352
E01002235,28.0,9047
E01002236,18.0,16117
E01002237,20.0,14308
E01002238,11.2,23160
E01002239,9.1,25612
E01002240,20.2,14190
E01002241,21.9,12828
E01002242,8.4,26617
E01032576,7.4,27758
E01002243,30.3,7880
E01002244,19.0,15215
E01002245,17.9,16221
E01002246,14.7,19248
E01002247,20.0,14389
E01002248,21.3,13331
E01002249,20.6,13869
E01002250,21.6,13105
E01002251,24.5,11069
E01002252,10.4,24057
E01002253,2.5,32507
E01002254,3.3,32025
E01002255,8.3,26637
E01002256,6.4,28938
E01002257,4.2,31282
E01002258,14.9,19021
E01002259,7.4,27753
E01002260,12.1,22086
E01002261,13.7,20263
E01002262,16.0,17924
E01002263,7.9,27243
E01002264,32.1,7061
E01002265,11.7,22582
E01002266,15.1,18799
E01002267,26.1,10117
E01002268,11.6,22617
E01002269,8.7,26160
E01002270,6.6,28801
E01002271,7.9,27175
E01002272,9.3,25437
E01002273,10.4,23998
E01002274,7.6,27628
E01002275,8.3,26667
E01002276,29.6,8185
E01002277,33.4,6499
E01002278,33.0,6660
E01002279,25.3,10596
E01002280,50.0,2185
E01002281,33.8,6352
E01002282,40.2,4217
E01002283,30.5,7779
E01002284,29.6,8184
E01002285,7.1,28150
E01002286,5.3,30183
E01002287,9.1,25723
E01002288,6.5,28877
E01002289,9.3,25405
E01002290,7.7,27373
E01002291,9.6,24957
E01002292,18.2,15963
E01002293,17.3,16740
E01002294,9.0,25787
E01002295,16.2,17761
E01002296,13.2,20805
E01002297,38.6,4699
E01002298,11.6,22608
E01002299,20.0,14348
E01002300,10.5,23899
E01002301,12.1,22015
E01002302,18.4,15819
E01002303,31.0,7536
E01002304,22.3,12535
E01002305,18.2,16007
E01002306,31.2,7421
E01002307,20.1,14231
E01002308,24.5,11054
E01002309,22.8,12175
E01002310,39.5,4401
E01002311,26.2,10025
E01002312,27.7,9194
E01002313,25.7,10387
E01002314,39.9,4287
E01002315,22.9,12112
E01002316,40.7,4045
E01002317,5.5,30042
E01002318,8.5,26458
E01002319,16.8,17177
E01002320,8.9,25875
E01002321,9.5,25096
E01002322,7.7,27418
E01002323,11.9,22290
E01002324,22.1,12735
E01002325,26.6,9804
E01002326,19.6,14732
E01002327,15.5,18495
E01002328,10.0,24496
E01002329,15.5,18401
E01002330,18.9,15284
E01002331,15.4,18514
E01002332,14.8,19097
E01002333,8.5,26426
E01002334,11.3,22951
E01002335,16.4,17529
E01002336,13.0,21056
E01002337,13.7,20266
E01002338,11.6,22621
E01002339,5.8,29691
E01002340,8.7,26207
E01002341,10.8,23558
E01002342,19.7,14597
E01002343,13.2,20839
E01002344,19.8,14484
E01002345,30.3,7882
E01002346,25.6,10436
E01002347,14.3,19605
E01002348,10.1,24372
E01002349,13.9,20045
E01002350,26.3,9974
E01002351,11.8,22391
E01002352,17.9,16177
E01002353,15.3,18644
E01002354,5.0,30485
E01002355,6.4,28979
E01002356,33.7,6369
E01002358,16.4,17520
E01002359,7.0,28300
E01002360,13.8,20161
E01002361,19.4,14950
E01002362,6.9,28491
E01002363,18.4,15822
E01002364,7.0,28386
E01002365,13.5,20464
E01002366,11.1,23269
E01002367,9.7,24902
E01002368,39.1,4538
E01002369,21.4,13245
E01002370,29.6,8228
E01002371,16.2,17717
E01002372,10.8,23525
E01002373,13.8,20103
E01002374,16.7,17267
E01002375,28.9,8523
E01002376,6.8,28536
E01002377,12.9,21172
E01002378,8.0,27059
E01002379,6.6,28821
E01002380,17.0,17013
E01002381,13.4,20683
E01002382,8.2,26841
E01002383,8.3,26684
E01002384,7.0,28313
E01002385,13.8,20191
E01002386,7.8,27280
E01002387,4.5,30996
E01002388,2.3,32563
E01002389,4.4,31077
E01002390,3.2,32137
E01002391,10.6,23815
E01032741,18.7,15465
E01032742,18.5,15714
E01002392,35.1,5845
E01002393,22.8,12206
E01002394,19.0,15258
E01002395,21.6,13140
E01002396,28.6,8694
E01002397,26.4,9958
E01002398,21.2,13411
E01002399,19.7,14662
E01002400,26.7,9745
E01002401,26.6,9807
E01002402,24.4,11133
E01002403,26.6,9823
E01002404,29.7,8171
E01002405,23.5,11728
E01002406,25.0,10781
E01002407,23.5,11705
E01002408,31.0,7544
E01002409,22.4,12495
E01002410,15.8,18114
E01002411,24.0,11386
E01002412,13.3,20749
E01002413,30.7,7705
E01002414,8.8,26080
E01002415,7.0,28382
E01002416,7.3,28002
E01002417,6.6,28823
E01002418,11.9,22256
E01002419,5.5,30025
E01002420,13.8,20174
E01002421,9.0,25809
E01002422,15.8,18115
E01002423,13.7,20224
E01002424,13.5,20546
E01002425,23.9,11402
E01002426,17.7,16368
E01002427,13.2,20845
E01002428,12.2,21987
E01002429,30.1,7970
E01002430,6.1,29334
E01002431,4.9,30573
E01002432,6.6,28738
E01002433,16.9,17059
E01002434,5.5,30000
E01002435,4.2,31339
E01002436,11.0,23393
E01002437,5.8,29735
E01002438,12.6,21531
E01002439,17.0,16990
E01002440,20.2,14167
E01002441,23.7,11576
E01002442,23.8,11533
E01002443,19.9,14430
E01002444,22.6,12349
E01002445,30.4,7835
E01002446,21.9,12848
E01002447,24.2,11245
E01002448,18.2,15919
E01002449,21.4,13247
E01002450,7.6,27513
E01002451,7.1,28166
E01002452,9.4,25275
E01002453,11.3,23046
E01002454,19.7,14666
E01002455,20.2,14192
E01002456,19.2,15086
E01002457,26.8,9683
E01002458,7.1,28217
E01002459,3.7,31719
E01002460,6.6,28811
E01002461,10.3,24176
E01002462,6.9,28397
E01002463,7.3,27916
E01002464,6.4,29027
E01002465,10.4,23956
E01002466,7.6,27551
E01002467,5.8,29710
E01002468,6.8,28529
E01002469,8.0,27093
E01002470,10.7,23632
E01002471,7.3,27928
E01002472,8.2,26768
E01002473,16.0,17981
E01002474,10.5,23911
E01002475,17.6,16423
E01002476,4.6,30955
E01002477,10.0,24561
E01002478,7.5,27666
E01002479,19.6,14690
E01002480,4.1,31432
E01002481,19.1,15178
E01002482,3.1,32164
E01002483,9.3,25352
E01002484,21.3,13323
E01002485,15.3,18663
E01002486,24.9,10820
E01002487,24.1,11335
E01002488,18.6,15580
E01002489,16.0,17959
E01002490,21.8,12914
E01002491,26.1,10125
E01002492,21.1,13506
E01002493,31.9,7115
E01002494,11.2,23112
E01002495,10.0,24471
E01002496,16.8,17182
E01002497,15.0,18915
E01002498,8.3,26697
E01002499,12.7,21340
E01002501,21.2,13368
E01002502,29.2,8401
E01002503,31.0,7561
E01002504,25.3,10595
E01002505,36.0,5524
E01002506,33.0,6678
E01002507,21.0,13549
E01002508,34.6,6038
E01002509,8.2,26850
E01002511,23.6,11647
E01002512,6.1,29384
E01002513,12.2,21967
E01002514,12.3,21785
E01002515,21.8,12892
E01002516,7.5,27668
E01002518,10.2,24260
E01002519,29.9,8067
E01002520,19.7,14591
E01002521,29.2,8385
E01002523,17.1,16868
E01002525,19.3,15013
E01002526,28.8,8626
E01002527,27.7,9202
E01002528,35.1,5861
E01002529,20.4,13991
E01002530,35.3,5774
E01002531,17.5,16512
E01002532,28.5,8763
E01002533,17.1,16920
E01002534,9.7,24926
E01002535,8.3,26634
E01002536,9.1,25715
E01002537,7.1,28136
E01002538,12.2,21973
E01002539,7.1,28177
E01002540,27.8,9149
E01002541,14.8,19169
E01002542,29.8,8115
E01002543,30.7,7704
E01002544,14.3,19620
E01002545,43.0,3488
E01002546,19.6,14713
E01002547,25.1,10730
E01002548,32.0,7083
E01002549,21.2,13435
E01002550,29.5,8239
E01002551,21.8,12906
E01002552,29.3,8365
E01002553,36.1,5488
E01002554,27.8,9125
E01032577,10.3,24122
E01033724,10.1,24368
E01033725,21.6,13111
E01002555,14.6,19332
E01002556,17.0,17019
E01002557,25.4,10494
E01002558,23.8,11490
E01002559,25.8,10334
E01002560,28.6,8721
E01002561,34.7,5999
E01002562,32.8,6744
E01002563,15.8,18140
E01002564,34.3,6163
E01002565,18.2,15965
E01002566,34.2,6165
E01002567,21.3,13287
E01002568,31.7,7180
E01002569,9.2,25541
E01002570,13.4,20610
E01002571,5.4,30161
E01002572,30.3,7879
E01002573,12.1,22030
E01002574,10.8,23534
E01002575,7.3,27891
E01002576,21.7,12986
E01002577,12.3,21840
E01002578,10.5,23903
E01002579,9.9,24691
E01002580,24.6,10987
E01002581,11.4,22834
E01002582,12.1,22012
E01002583,23.7,11602
E01002584,18.8,15419
E01002585,28.5,8782
E01002586,16.6,17327
E01002587,24.1,11297
E01002588,37.8,4946
E01002589,23.2,11917
E01002590,18.7,15491
E01002591,21.7,12963
E01002592,24.4,11100
E01002593,23.8,11534
E01002594,21.8,12881
E01002595,27.1,9557
E01002596,24.2,11229
E01002598,25.7,10352
E01002599,26.6,9854
E01002600,27.1,9513
E01002601,16.8,17139
E01002602,15.6,18387
E01002603,26.6,9819
E01002604,35.3,5805
E01002605,31.4,7338
E01002606,38.2,4811
E01002607,21.1,13493
E01002608,30.4,7837
E01002609,16.0,17978
E01002610,26.7,9741
E01002611,21.0,13547
E01002612,26.9,9664
E01002613,18.7,15529
E01002614,14.6,19316
E01002615,36.0,5539
E01002616,17.2,16858
E01002617,13.1,20968
E01002618,16.0,17916
E01002619,18.8,15394
E01002620,25.9,10260
E01002621,20.1,14294
E01002622,22.9,12136
E01002623,28.2,8903
E01002624,21.7,13021
E01002625,16.4,17517
E01002626,18.6,15569
E01002627,29.0,8506
E01002628,17.2,16819
E01002629,23.1,11979
E01002630,17.1,16936
E01002631,23.7,11568
E01002632,19.4,14926
E01002633,38.3,4802
E01002634,32.8,6742
E01002635,20.4,14005
E01002636,16.6,17423
E01002637,31.4,7357
E01002638,30.8,7635
E01002639,14.8,19136
E01002640,18.6,15615
E01002641,26.1,10104
E01002642,21.2,13415
E01002643,22.9,12090
E01002645,25.4,10526
E01002646,29.9,8074
E01002647,23.9,11448
E01002648,20.1,14256
E01002649,26.6,9818
E01002650,23.8,11539
E01002651,19.2,15066
E01002652,18.4,15782
E01002653,14.7,19227
E01002654,14.7,19284
E01002655,12.7,21413
E01002656,15.0,18955
E01002657,8.7,26151
E01002658,10.0,24569
E01002659,14.7,19183
E01002660,18.8,15408
E01002661,16.5,17440
E01002662,17.2,16786
E01002663,22.0,12810
E01002664,28.3,8869
E01002665,23.2,11944
E01002666,17.8,16317
E01002667,21.0,13586
E01002668,15.5,18494
E01002669,38.7,4666
E01002670,15.8,18118
E01002671,17.7,16369
E01002672,26.7,9767
E01002673,49.2,2294
E01002674,14.6,19371
E01002675,13.8,20123
E01002676,15.7,18291
E01002677,19.6,14763
E01002678,11.4,22847
E01002679,13.4,20674
E01002680,16.2,17764
E01002681,26.4,9916
E01002682,18.2,15987
E01002683,12.1,22060
E01002684,24.2,11286
E01002686,37.8,4940
E01002687,11.4,22842
E01002689,19.3,15036
E01002690,10.3,24196
E01002691,10.7,23626
E01002692,16.1,17842
E01002693,15.5,18443
E01032573,11.5,22713
E01033000,36.1,5512
E01033030,18.4,15806
E01033081,24.3,11177
E01033082,25.3,10592
E01033083,19.7,14649
E01033084,26.4,9962
E01002694,43.0,3487
E01002695,22.4,12467
E01002696,20.2,14178
E01002697,31.8,7142
E01002698,17.5,16593
E01002699,19.7,14586
E01002700,13.4,20562
E01002701,27.8,9154
E01002702,29.5,8242
E01002703,27.3,9396
E01002704,22.3,12549
E01002706,24.9,10815
E01002707,25.7,10377
E01002708,30.0,8035
E01002709,35.2,5835
E01002710,31.0,7574
E01002711,21.8,12915
E01002712,27.0,9562
E01002713,44.5,3166
E01002714,14.0,19913
E01002715,38.5,4721
E01002716,34.6,6033
E01002717,22.4,12461
E01002718,19.4,14929
E01002719,16.7,17270
E01002720,40.0,4250
E01002721,28.2,8938
E01002722,36.8,5269
E01002723,28.5,8750
E01002724,14.6,19372
E01002725,29.1,8458
E01002726,24.5,11070
E01002727,26.1,10165
E01002728,27.2,9446
E01002729,31.0,7539
E01002730,30.4,7841
E01002731,24.5,11066
E01002732,47.1,2650
E01002733,18.5,15654
E01002734,40.5,4096
E01002735,33.5,6465
E01002736,45.0,3060
E01002737,35.8,5609
E01002738,24.7,10960
E01002739,17.4,16660
E01002740,16.1,17843
E01002741,34.8,5946
E01002742,15.8,18132
E01002743,19.1,15181
E01002744,17.9,16228
E01002745,15.8,18128
E01002747,13.3,20714
E01002748,39.9,4293
E01002749,22.8,12160
E01002751,38.0,4870
E01002752,22.4,12440
E01002753,29.4,8283
E01002754,16.4,17536
E01002755,39.9,4303
E01002756,27.8,9162
E01002757,24.1,11321
E01002758,44.1,3231
E01002759,20.6,13811
E01002760,38.8,4631
E01002762,20.7,13764
E01002763,33.1,6622
E01002764,30.9,7581
E01002765,28.2,8909
E01002766,31.6,7264
E01002767,36.8,5275
E01002768,29.3,8350
E01002769,20.1,14242
E01002770,30.0,8029
E01002771,27.3,9390
E01002772,28.7,8637
E01002773,50.1,2164
E01002774,30.9,7608
E01002775,22.2,12620
E01002776,32.1,7029
E01002777,27.6,9255
E01002778,39.1,4551
E01002779,18.6,15584
E01002780,26.4,9965
E01002781,28.9,8526
E01002782,37.2,5157
E01002783,46.5,2766
E01002784,34.3,6145
E01002785,18.9,15334
E01002786,36.1,5495
E01002787,32.1,7051
E01002788,17.0,17004
E01002789,13.7,20257
E01002790,42.3,3653
E01002791,13.9,20072
E01002792,16.1,17852
E01002793,36.2,5450
E01002794,22.2,12607
E01002795,25.0,10755
E01002796,23.6,11641
E01002797,32.1,7039
E01002798,21.5,13193
E01002799,32.3,6972
E01002800,38.9,4590
E01002801,16.9,17133
E01002802,25.9,10255
E01002803,23.8,11531
E01002804,37.4,5087
E01002805,22.8,12161
E01002806,27.0,9620
E01002807,31.6,7258
E01002808,24.6,10985
E01002809,31.4,7327
E01002810,33.3,6536
E01002811,38.6,4691
E01033486,37.6,5005
E01033487,10.7,23623
E01033488,33.0,6677
E01033489,12.5,21648
E01033490,19.6,14740
E01033491,29.1,8440
E01033492,30.0,8006
E01033493,11.7,22483
E01033494,16.6,17374
E01002812,11.5,22698
E01002813,10.1,24398
E01002814,25.0,10748
E01002815,18.3,15885
E01002816,11.5,22718
E01002817,10.4,24015
E01002818,12.7,21429
E01002819,11.1,23245
E01002820,9.6,25054
E01002821,10.9,23418
E01002822,12.9,21201
E01002823,28.4,8812
E01002824,10.0,24462
E01002825,9.7,24885
E01002826,10.8,23594
E01002827,12.1,22084
E01002828,16.2,17715
E01002829,34.5,6055
E01002830,35.4,5764
E01002831,36.7,5299
E01002832,31.4,7367
E01002833,19.2,15083
E01002834,15.6,18346
E01002835,10.5,23929
E01002836,11.1,23221
E01002837,13.1,20942
E01002838,11.1,23203
E01002839,25.8,10320
E01002840,37.7,4981
E01002841,26.5,9898
E01002842,47.4,2593
E01002843,42.6,3564
E01002844,17.0,16966
E01002845,21.0,13544
E01002846,30.9,7626
E01002847,22.1,12666
E01002848,29.5,8243
E01002849,17.2,16808
E01002850,23.7,11573
E01002851,39.8,4330
E01002852,41.7,3797
E01002853,57.1,1212
E01002854,45.1,3030
E01002855,45.5,2975
E01002856,37.8,4928
E01002857,59.0,1012
E01002858,23.4,11753
E01002859,10.2,24280
E01002860,11.4,22839
E01002861,15.0,18886
E01002862,26.0,10169
E01002863,9.9,24615
E01002864,9.5,25115
E01002865,7.3,27993
E01002866,20.7,13786
E01002867,22.3,12519
E01002868,9.3,25448
E01002869,19.7,14640
E01002870,41.4,3890
E01002871,11.3,22944
E01002872,38.9,4605
E01002873,19.8,14480
E01002874,20.0,14325
E01002875,14.9,18986
E01002876,20.1,14225
E01002877,41.2,3925
E01002878,33.9,6319
E01002879,41.7,3808
E01002880,44.2,3215
E01002881,40.5,4113
E01002882,17.1,16904
E01002883,11.7,22472
E01002884,21.6,13100
E01002885,19.6,14695
E01002886,14.8,19099
E01002887,12.6,21530
E01002888,10.9,23449
E01002889,8.2,26867
E01002890,9.0,25832
E01002891,9.5,25103
E01002892,8.5,26365
E01002893,21.8,12935
E01002894,19.9,14414
E01002895,11.2,23084
E01002896,10.3,24135
E01002897,15.7,18277
E01002898,9.5,25185
E01002899,21.5,13213
E01002900,8.3,26730
E01002901,16.5,17464
E01002902,10.8,23591
E01002903,7.6,27528
E01002904,45.1,3043
E01002905,44.5,3154
E01002906,33.0,6647
E01002907,52.6,1794
E01002908,26.9,9637
E01002909,29.7,8155
E01002910,16.3,17632
E01002911,12.5,21556
E01002912,13.9,20040
E01002913,18.0,16091
E01002914,8.9,25957
E01002915,8.1,26998
E01002916,8.2,26782
E01002917,4.1,31433
E01002918,12.2,21946
E01002919,15.6,18341
E01002920,5.1,30459
E01002921,15.2,18698
E01002922,9.1,25712
E01002923,30.1,7999
E01002924,3.3,32012
E01002925,11.5,22790
E01002926,7.4,27879
E01002927,12.6,21448
E01002928,16.6,17328
E01002929,8.8,26011
E01002930,11.1,23273
E01002931,11.5,22804
E01002932,26.6,9799
E01002933,15.4,18511
E01002934,3.7,31781
E01002935,8.2,26771
E01002937,5.1,30452
E01002938,4.8,30727
E01002939,12.8,21310
E01002940,18.1,16076
E01002941,9.4,25233
E01002942,10.8,23570
E01002943,16.8,17230
E01002944,13.4,20667
E01002945,9.1,25677
E01002946,8.7,26145
E01002947,7.3,27952
E01002948,17.9,16244
E01002949,9.7,24825
E01002950,18.0,16145
E01002951,5.4,30100
E01002952,6.3,29133
E01002953,7.1,28241
E01002954,12.2,21932
E01002955,14.3,19611
E01002956,7.3,27909
E01002957,14.3,19621
E01002958,6.8,28518
E01002959,3.1,32171
E01002960,6.1,29368
E01002961,7.4,27855
E01002962,12.9,21110
E01002963,9.9,24659
E01002964,17.3,16736
E01002965,13.0,21096
E01002966,9.5,25187
E01002967,5.3,30191
E01002968,14.5,19427
E01002969,40.9,4000
E01002970,21.2,13439
E01002971,12.4,21686
E01002972,13.6,20357
E01002973,23.1,11982
E01002974,13.9,20020
E01002975,12.1,22021
E01002976,8.1,26898
E01002977,18.4,15741
E01002978,7.4,27790
E01002979,9.5,25153
E01002980,7.4,27764
E01002981,11.9,22235
E01002982,13.6,20323
E01002983,7.4,27807
E01002984,17.2,16828
E01002985,11.8,22446
E01002986,12.6,21459
E01002987,18.6,15568
E01002988,6.7,28712
E01002989,8.6,26262
E01002990,7.6,27514
E01002991,7.6,27489
E01002992,6.6,28743
E01002993,10.2,24286
E01002994,7.9,27206
E01002995,5.9,29593
E01002996,7.6,27598
E01002997,8.3,26649
E01002998,14.4,19514
E01002999,14.4,19575
E01003000,19.4,14887
E01003001,12.8,21262
E01003002,17.5,16518
E01003003,15.3,18639
E01003004,10.9,23478
E01003005,7.5,27643
E01003006,7.8,27297
E01003007,4.7,30778
E01003008,3.2,32136
E01003009,9.3,25452
E01003010,4.3,31189
E01003011,6.8,28534
E01033568,13.1,20938
E01033569,9.1,25602
E01003013,12.3,21865
E01003014,26.3,10007
E01003015,26.7,9771
E01003016,13.3,20774
E01003017,23.4,11736
E01003018,22.5,12382
E01003019,18.8,15377
E01003020,24.0,11385
E01003021,33.3,6537
E01003022,20.5,13937
E01003023,19.3,14996
E01003024,31.5,7290
E01003025,21.7,12965
E01003026,17.4,16610
E01003027,10.1,24423
E01003028,19.8,14540
E01003029,19.2,15084
E01003030,16.7,17315
E01003031,23.6,11631
E01003032,31.5,7269
E01003033,14.9,19006
E01003034,18.5,15690
E01003035,24.9,10802
E01003036,24.2,11220
E01003037,38.3,4779
E01003038,14.9,18982
E01003039,10.6,23724
E01003040,21.3,13326
E01003041,34.7,6008
E01003042,26.0,10188
E01003043,23.7,11557
E01003044,43.1,3464
E01003045,38.8,4629
E01003046,33.9,6296
E01003047,39.6,4378
E01003048,37.9,4904
E01003049,39.7,4341
E01003050,27.9,9105
E01003051,36.3,5442
E01003052,40.7,4060
E01003053,23.2,11901
E01003054,21.8,12938
E01003055,34.1,6234
E01003056,29.9,8059
E01003057,36.6,5352
E01003058,24.3,11169
E01003059,39.2,4517
E01003060,36.8,5258
E01003061,37.9,4907
E01003062,22.4,12428
E01003063,37.7,4968
E01003064,12.8,21253
E01003065,41.1,3955
E01003066,37.4,5079
E01003067,20.5,13955
E01003068,28.8,8594
E01003069,32.7,6797
E01003070,43.8,3295
E01003071,16.1,17838
E01003072,16.5,17496
E01003073,30.2,7919
E01003074,24.6,11024
E01003075,42.6,3565
E01003076,18.5,15651
E01003077,19.6,14746
E01003078,10.8,23508
E01003079,30.8,7655
E01003080,18.5,15676
E01003081,29.7,8157
E01003082,30.2,7936
E01003083,19.7,14658
E01003084,19.3,14997
E01003085,16.4,17595
E01003086,31.4,7351
E01003087,42.5,3600
E01003088,32.4,6905
E01003089,31.4,7326
E01003090,25.4,10501
E01003091,23.4,11741
E01003092,36.6,5334
E01003093,33.3,6561
E01003094,30.4,7822
E01003095,19.8,14572
E01003096,25.5,10488
E01003097,32.2,7024
E01003098,23.4,11756
E01003099,26.6,9835
E01003100,16.9,17071
E01003101,28.2,8915
E01003102,25.9,10233
E01003104,24.6,10988
E01003105,29.3,8374
E01003106,27.2,9487
E01003107,17.5,16537
E01003108,33.2,6591
E01003109,27.6,9248
E01003110,17.4,16598
E01003111,35.3,5781
E01003112,29.9,8065
E01003113,23.2,11942
E01003114,22.4,12492
E01003115,20.5,13952
E01003116,20.5,13964
E01003117,22.2,12619
E01003118,22.8,12194
E01003119,22.0,12753
E01003120,32.9,6716
E01003121,32.8,6760
E01003122,25.8,10330
E01003123,19.2,15107
E01003124,29.9,8081
E01003125,30.3,7884
E01003126,28.7,8668
E01003127,26.1,10122
E01003128,34.4,6116
E01003129,24.3,11167
E01003130,17.4,16679
E01003131,18.3,15900
E01003132,32.2,7016
E01003133,24.5,11078
E01003134,19.6,14757
E01003135,31.6,7255
E01003136,23.3,11860
E01003137,29.3,8364
E01003138,10.6,23730
E01003139,13.5,20521
E01003140,16.9,17091
E01003141,24.0,11366
E01003142,18.2,15996
E01003143,28.8,8591
E01003144,17.4,16659
E01003145,23.6,11635
E01003146,25.1,10705
E01003147,20.6,13846
E01003148,19.0,15274
E01003149,15.2,18720
E01003150,26.5,9888
E01003151,33.1,6636
E01003152,13.0,21006
E01003153,14.8,19158
E01003154,28.2,8914
E01003155,19.1,15185
E01003156,18.6,15573
E01003157,13.8,20129
E01003158,7.6,27507
E01003159,36.2,5458
E01003160,29.3,8375
E01003161,18.9,15308
E01003162,27.3,9410
E01003163,15.1,18787
E01003164,28.1,8977
E01003165,22.3,12526
E01003166,17.9,16219
E01003167,14.5,19446
E01003168,40.4,4141
E01003169,23.4,11737
E01003170,12.5,21658
E01003171,25.4,10536
E01003172,30.6,7715
E01003173,15.4,18535
E01003174,33.6,6425
E01003175,36.0,5531
E01003176,35.2,5818
E01003177,25.7,10365
E01003178,21.7,12993
E01003179,31.0,7576
E01003180,22.4,12452
E01003181,37.3,5124
E01003182,26.6,9827
E01003183,28.8,8600
E01003184,33.4,6491
E01003185,27.1,9547
E01003186,19.8,14548
E01003187,35.8,5622
E01003188,38.4,4753
E01032582,29.6,8211
E01033207,38.1,4844
E01033208,18.8,15397
E01003189,43.3,3400
E01003190,34.7,5993
E01003191,34.9,5923
E01003192,48.7,2371
E01003193,31.2,7450
E01003194,34.5,6054
E01003195,20.6,13849
E01003196,42.4,3631
E01003197,43.6,3348
E01003198,18.6,15575
E01003199,13.5,20519
E01003200,11.6,22667
E01003201,28.2,8912
E01003202,9.2,25548
E01003203,24.6,10983
E01003204,20.8,13701
E01003205,36.3,5441
E01003206,14.3,19655
E01003207,36.7,5288
E01003209,25.8,10315
E01003210,22.3,12574
E01003211,23.4,11780
E01003212,22.9,12114
E01003213,20.8,13684
E01003214,26.3,10004
E01003215,24.8,10868
E01003216,22.7,12238
E01003217,21.0,13562
E01003218,15.8,18170
E01003219,18.3,15835
E01003220,25.0,10734
E01003221,31.6,7242
E01003222,22.1,12694
E01003223,16.8,17192
E01003224,22.1,12703
E01003225,9.4,25222
E01003226,16.8,17209
E01003227,14.7,19214
E01003228,18.1,16022
E01003229,32.5,6878
E01003230,22.0,12776
E01003231,23.6,11609
E01003232,12.3,21837
E01003233,16.3,17613
E01003235,28.4,8806
E01003236,36.8,5272
E01003237,30.6,7764
E01003238,36.6,5339
E01003239,34.4,6092
E01003240,32.4,6899
E01003241,33.1,6627
E01003243,37.5,5046
E01003244,29.2,8412
E01003245,35.3,5786
E01003246,41.0,3988
E01003247,18.0,16096
E01003248,30.8,7672
E01003249,24.5,11039
E01003250,30.1,7991
E01003251,28.2,8929
E01003252,39.5,4413
E01003253,35.9,5562
E01003254,12.2,21913
E01003255,17.5,16542
E01003256,30.4,7863
E01003257,21.9,12841
E01003258,31.2,7446
E01003259,21.1,13495
E01003260,14.4,19513
E01003261,15.6,18301
E01003262,19.1,15134
E01003263,28.1,8997
E01003264,26.4,9917
E01003265,29.5,8272
E01003266,39.3,4473
E01003267,35.1,5847
E01003268,22.9,12132
E01003269,27.7,9214
E01003270,11.5,22714
E01003271,8.8,26075
E01003272,18.8,15368
E01003273,17.1,16925
E01003274,17.0,16957
E01003275,30.6,7727
E01003276,20.7,13770
E01003277,22.3,12566
E01003278,26.2,10084
E01003279,16.3,17690
E01003280,27.0,9617
E01003281,17.2,16775
E01003282,23.4,11731
E01003283,11.3,22979
E01003284,19.3,14973
E01003285,13.7,20277
E01003286,30.2,7935
E01003287,12.6,21549
E01003288,30.8,7648
E01003290,45.9,2875
E01003291,45.0,3061
E01003292,20.6,13870
E01003293,28.1,9001
E01003295,29.3,8362
E01003296,28.6,8690
E01003297,29.4,8320
E01003298,32.1,7030
E01003299,33.0,6679
E01003300,33.9,6321
E01003301,25.7,10338
E01003302,31.7,7226
E01003303,40.1,4228
E01003304,36.0,5552
E01003305,43.3,3393
E01003307,19.3,14975
E01003308,23.4,11739
E01003309,32.1,7032
E01003310,29.6,8220
E01003311,17.4,16689
E01003312,17.6,16478
E01003313,35.4,5772
E01003314,17.1,16906
E01003315,27.4,9376
E01003316,17.2,16797
E01003317,28.0,9020
E01003318,47.1,2640
E01003319,31.2,7432
E01003320,35.1,5862
E01003321,32.2,7006
E01003322,24.4,11144
E01003323,34.1,6210
E01003324,37.1,5192
E01003325,36.3,5420
E01003326,28.9,8566
E01003327,16.4,17542
E01003328,26.3,9994
E01003329,19.2,15104
E01003330,34.1,6223
E01003331,26.9,9668
E01003332,27.5,9292
E01003333,24.8,10875
E01003334,28.8,8598
E01003335,33.7,6377
E01003336,34.0,6255
E01003337,33.3,6555
E01003338,34.6,6016
E01003339,26.5,9904
E01003340,18.9,15279
E01003341,20.7,13761
E01003342,19.5,14816
E01003343,21.8,12904
E01003344,19.6,14722
E01003345,16.7,17292
E01003346,34.4,6095
E01003347,44.7,3111
E01003348,25.7,10341
E01003349,33.2,6581
E01003350,33.8,6323
E01003351,37.2,5161
E01003352,31.0,7572
E01003353,21.6,13110
E01003354,22.1,12732
E01032564,40.1,4245
E01032565,37.2,5131
E01032579,36.0,5514
E01033320,21.9,12864
E01033322,22.6,12310
E01033324,32.6,6828
E01033325,19.8,14504
E01033327,33.7,6379
E01033341,31.6,7263
E01003355,8.7,26208
E01003356,6.0,29487
E01003357,27.0,9578
E01003358,5.5,30058
E01003359,16.0,17931
E01003360,7.5,27696
E01003361,9.5,25156
E01003362,8.2,26874
E01003363,5.9,29530
E01003364,6.7,28695
E01003365,6.8,28557
E01003366,18.4,15790
E01003367,14.4,19521
E01003368,16.6,17401
E01003369,12.3,21838
E01003370,13.1,20897
E01003371,12.5,21593
E01003372,26.6,9855
E01003373,33.1,6620
E01003374,31.2,7469
E01003375,19.1,15124
E01003376,25.1,10678
E01003377,31.3,7399
E01003378,18.4,15791
E01003379,31.1,7481
E01003380,5.8,29688
E01003381,7.9,27169
E01003382,7.5,27635
E01003383,6.7,28697
E01003384,8.0,27029
E01003385,3.8,31665
E01003386,15.9,18023
E01003387,30.2,7930
E01003388,25.8,10292
E01003389,23.0,12084
E01003390,33.6,6427
E01003391,38.5,4736
E01003392,17.1,16933
E01003393,14.0,19916
E01003394,16.1,17864
E01003395,11.9,22275
E01003396,12.3,21834
E01003397,14.1,19838
E01003398,15.2,18705
E01003399,9.1,25722
E01003400,6.8,28565
E01003401,4.1,31444
E01003402,4.7,30815
E01003403,5.8,29724
E01003404,8.8,25994
E01003405,25.7,10386
E01003406,23.0,12088
E01003407,11.9,22329
E01003408,11.9,22311
E01003409,24.5,11085
E01003410,21.6,13118
E01003411,16.0,17900
E01003412,22.7,12249
E01003413,15.4,18563
E01003414,13.7,20261
E01003415,19.7,14583
E01003416,14.1,19804
E01003417,9.2,25536
E01003418,6.7,28652
E01003419,11.3,22958
E01003420,9.2,25563
E01003421,9.8,24701
E01003422,9.2,25586
E01003423,5.8,29630
E01003424,3.8,31683
E01003425,4.0,31463
E01003426,10.2,24238
E01003427,14.1,19865
E01003428,9.4,25298
E01003429,14.2,19712
E01003430,30.9,7614
E01003431,29.4,8324
E01003432,40.4,4161
E01003433,17.6,16455
E01003434,13.0,21055
E01003435,17.6,16472
E01003436,25.6,10411
E01003437,16.0,17944
E01003438,26.9,9642
E01003439,27.4,9363
E01003440,23.1,11998
E01003441,22.9,12131
E01003442,5.2,30296
E01003443,4.5,30966
E01003444,5.4,30129
E01003445,9.4,25201
E01003446,10.1,24364
E01003447,24.4,11113
E01003448,24.6,11020
E01003449,18.5,15717
E01003450,28.1,8982
E01003451,12.6,21481
E01003452,27.0,9580
E01003453,24.4,11146
E01003454,5.6,29968
E01003455,11.0,23343
E01003456,12.8,21283
E01003457,5.5,29971
E01003458,6.0,29454
E01003459,16.1,17877
E01003460,9.0,25790
E01003461,3.7,31737
E01003462,6.9,28468
E01003463,4.3,31211
E01003464,6.1,29339
E01003465,4.7,30822
E01003466,4.6,30901
E01003467,7.1,28169
E01003468,4.5,31001
E01003469,16.0,17934
E01003470,9.5,25091
E01003471,8.1,27014
E01003472,3.8,31671
E01003473,5.3,30253
E01003474,4.5,30969
E01003475,17.4,16682
E01003476,11.7,22492
E01003477,8.6,26305
E01003478,6.5,28880
E01003479,30.1,7984
E01003480,24.0,11375
E01003481,28.6,8693
E01003482,27.2,9464
E01003483,37.2,5149
E01003484,22.7,12241
E01003485,24.1,11327
E01003486,47.8,2519
E01003487,43.6,3338
E01003488,40.7,4059
E01003489,34.4,6119
E01003490,31.0,7543
E01003491,29.5,8256
E01003492,24.9,10800
E01003493,27.3,9393
E01003494,21.3,13284
E01003495,18.0,16134
E01003496,28.5,8737
E01003497,33.3,6552
E01003498,33.2,6586
E01003499,40.6,4081
E01003500,34.3,6133
E01003501,36.3,5437
E01003502,36.5,5384
E01003503,39.4,4459
E01003506,45.3,3005
E01003507,34.0,6282
E01003508,36.9,5231
E01003509,35.4,5736
E01003511,35.3,5790
E01003512,35.3,5783
E01003513,22.2,12640
E01003514,36.7,5315
E01003515,47.7,2533
E01003516,39.9,4284
E01003517,46.7,2706
E01003518,22.6,12298
E01003519,29.4,8298
E01003520,26.7,9784
E01003521,28.5,8772
E01003522,31.4,7371
E01003523,31.5,7292
E01003524,28.6,8734
E01003525,30.7,7708
E01003526,30.1,7996
E01003527,19.9,14394
E01003528,30.4,7853
E01003529,23.4,11784
E01003530,21.9,12818
E01003531,29.2,8410
E01003532,25.3,10613
E01003533,27.6,9258
E01003534,25.2,10661
E01003535,42.6,3580
E01003536,29.5,8245
E01003537,25.3,10573
E01003538,32.0,7064
E01003539,27.3,9378
E01003540,38.7,4673
E01003541,27.2,9496
E01003542,32.8,6748
E01003543,23.2,11912
E01003544,28.7,8651
E01003545,27.2,9504
E01003546,33.5,6455
E01003547,18.9,15291
E01003548,22.3,12546
E01003549,25.6,10418
E01003550,27.0,9615
E01003551,35.0,5894
E01003552,29.8,8113
E01003553,35.8,5596
E01003554,21.9,12839
E01003555,25.8,10282
E01003556,42.3,3646
E01003557,36.8,5271
E01003558,38.3,4804
E01003559,20.7,13767
E01003560,28.0,9022
E01003561,23.7,11544
E01003562,25.9,10266
E01003563,27.1,9532
E01003564,27.4,9354
E01003565,25.4,10503
E01003566,30.4,7833
E01003567,32.1,7033
E01003568,24.0,11361
E01003569,27.7,9189
E01003570,31.3,7384
E01003571,28.0,9039
E01003572,27.8,9158
E01003573,27.1,9549
E01003574,29.3,8339
E01003575,29.8,8100
E01003576,38.1,4849
E01003577,40.9,4012
E01003578,26.2,10059
E01003579,28.5,8778
E01003580,32.8,6741
E01003581,26.8,9714
E01003582,30.9,7600
E01003583,28.5,8779
E01003584,29.5,8266
E01003585,28.0,9049
E01003586,30.0,8043
E01003587,28.0,9006
E01003588,29.2,8411
E01003589,26.8,9696
E01003590,38.3,4780
E01003591,34.1,6209
E01003592,34.4,6110
E01003593,32.7,6804
E01003594,29.2,8396
E01003595,29.8,8140
E01003596,25.2,10626
E01003597,25.7,10384
E01003598,31.2,7435
E01003599,31.2,7477
E01003600,34.3,6130
E01003601,37.2,5153
E01003602,26.1,10115
E01003603,22.8,12180
E01003604,35.7,5642
E01003605,29.5,8278
E01003606,28.6,8735
E01003607,30.5,7786
E01003608,23.9,11406
E01003609,23.0,12030
E01003611,31.4,7348
E01003615,27.3,9394
E01003616,29.4,8296
E01003617,30.0,8005
E01003618,26.8,9706
E01003619,35.3,5784
E01003621,23.1,12000
E01003622,33.7,6357
E01003623,31.4,7356
E01003624,31.6,7229
E01003625,28.6,8697
E01003626,23.9,11413
E01003627,28.4,8805
E01003628,21.4,13234
E01003629,27.0,9618
E01003630,29.8,8101
E01003631,27.2,9440
E01003632,21.0,13571
E01003633,39.5,4440
E01003634,31.1,7499
E01003635,24.6,10995
E01003636,32.3,6945
E01003637,22.0,12791
E01033574,17.0,16967
E01033575,20.1,14272
E01033576,24.5,11093
E01033577,19.0,15262
E01033578,27.2,9454
E01033579,21.1,13477
E01033580,8.9,25889
E01033581,34.9,5906
E01033582,14.6,19333
E01033583,27.3,9402
E01033584,41.6,3844
E01033585,41.7,3823
E01033586,34.5,6075
E01003638,17.7,16400
E01003639,20.3,14102
E01003640,17.8,16305
E01003641,14.3,19658
E01003642,16.5,17430
E01003643,11.3,22934
E01003644,12.6,21466
E01003645,19.4,14895
E01003646,12.4,21747
E01003647,13.5,20532
E01003648,7.6,27567
E01003649,9.0,25780
E01003650,16.2,17738
E01003651,11.3,22972
E01003652,8.1,26981
E01003653,14.4,19591
E01003654,18.3,15907
E01003655,10.1,24380
E01003656,28.0,9053
E01003657,12.3,21818
E01003658,22.8,12182
E01003659,10.7,23697
E01003660,6.7,28631
E01003661,18.0,16106
E01003662,18.1,16077
E01003663,15.1,18844
E01003664,15.7,18219
E01003665,11.9,22292
E01003666,20.3,14098
E01003668,8.9,25877
E01003669,6.2,29252
E01003670,9.5,25058
E01003671,3.6,31809
E01003672,17.2,16827
E01003673,10.7,23653
E01003674,9.0,25801
E01003675,14.7,19264
E01003676,10.3,24174
E01003677,9.4,25226
E01003678,9.7,24850
E01003679,9.0,25777
E01003680,7.7,27414
E01003681,15.8,18092
E01003682,8.3,26704
E01003683,20.2,14189
E01003684,18.4,15771
E01003685,20.9,13604
E01003686,26.4,9947
E01003688,25.3,10610
E01003689,31.3,7418
E01003690,18.6,15629
E01003691,13.6,20419
E01003692,14.6,19306
E01003693,14.2,19697
E01003694,16.2,17773
E01003695,22.9,12102
E01003696,11.5,22750
E01003697,17.9,16185
E01003698,14.5,19482
E01003699,13.9,20047
E01003700,18.1,16080
E01003701,16.4,17540
E01003702,16.7,17235
E01003703,14.5,19424
E01003704,18.7,15466
E01003705,14.3,19660
E01003706,16.3,17640
E01003707,15.5,18419
E01003708,29.0,8492
E01003709,9.7,24915
E01003710,10.9,23433
E01003711,16.9,17087
E01003712,39.9,4305
E01003713,17.3,16721
E01003714,19.1,15160
E01003715,19.5,14846
E01003716,22.2,12597
E01003718,18.7,15521
E01003719,23.3,11868
E01003720,30.7,7685
E01003721,19.5,14768
E01003722,24.5,11062
E01003723,28.1,8981
E01003724,18.2,15922
E01003725,26.2,10042
E01003726,31.7,7199
E01003727,29.9,8070
E01003728,29.2,8420
E01003729,29.5,8275
E01003730,23.5,11709
E01003731,26.4,9924
E01003732,33.9,6300
E01003733,25.4,10523
E01003734,22.0,12747
E01003735,34.3,6134
E01003736,25.0,10763
E01003737,14.6,19340
E01003738,14.2,19783
E01003739,19.8,14512
E01003740,18.4,15804
E01003741,16.3,17671
E01003742,15.1,18836
E01003743,20.5,13901
E01003744,8.4,26576
E01003745,5.7,29754
E01003746,4.1,31386
E01003747,5.9,29547
E01003748,4.9,30568
E01003749,8.4,26609
E01003750,12.2,21971
E01003751,16.3,17637
E01003752,12.7,21341
E01003753,13.4,20656
E01003754,13.0,21046
E01003755,14.8,19173
E01003756,16.9,17117
E01003757,20.3,14062
E01003758,21.1,13455
E01003759,5.0,30489
E01003760,15.0,18912
E01003761,39.7,4343
E01003762,14.1,19879
E01003763,11.4,22891
E01003764,14.1,19839
E01003765,8.5,26421
E01003766,19.5,14798
E01003767,22.4,12449
E01003768,29.3,8376
E01003769,24.7,10920
E01003770,16.7,17295
E01003771,16.9,17062
E01003772,17.3,16747
E01003773,15.0,18922
E01003774,8.9,25937
E01003775,7.6,27588
E01003776,23.9,11451
E01003777,7.8,27288
E01003778,9.6,24959
E01003779,14.1,19836
E01003780,5.8,29644
E01003781,17.1,16875
E01003782,22.0,12806
E01003783,34.2,6193
E01003784,18.4,15774
E01003785,25.7,10363
E01003786,13.0,21062
E01003787,15.4,18548
E01003788,24.9,10819
E01003789,10.3,24187
E01003790,16.2,17735
E01003791,15.7,18271
E01003792,11.3,22984
E01003793,25.0,10782
E01003794,7.9,27130
E01003795,8.4,26624
E01003796,9.5,25148
E01032581,27.6,9264
E01033589,15.3,18605
E01033590,16.6,17390
E01033591,30.5,7795
E01033592,17.1,16873
E01003797,5.9,29529
E01003798,8.5,26405
E01003799,7.2,28093
E01003800,13.1,20893
E01003801,4.0,31478
E01003802,4.7,30831
E01003803,23.8,11485
E01003804,5.8,29734
E01003805,3.7,31751
E01003806,8.0,27043
E01003807,7.8,27275
E01003808,6.0,29480
E01003809,6.1,29373
E01003810,7.5,27730
E01003811,5.5,30014
E01003812,7.8,27315
E01003813,4.7,30765
E01003814,9.0,25837
E01003815,8.9,25903
E01003816,12.1,21996
E01003817,11.0,23338
E01003818,7.1,28188
E01003819,28.7,8640
E01003820,11.5,22800
E01003821,5.1,30378
E01003822,3.0,32237
E01003823,7.2,28018
E01003824,4.6,30910
E01003825,3.2,32070
E01003826,22.9,12129
E01003827,8.5,26433
E01003828,6.1,29370
E01003829,26.7,9764
E01003830,9.4,25199
E01003831,10.2,24306
E01003832,37.0,5206
E01003833,16.6,17419
E01003834,7.3,27946
E01003835,4.5,31040
E01003836,13.0,21069
E01003837,7.8,27266
E01003838,7.3,27892
E01003839,13.1,20899
E01003840,14.8,19113
E01003841,26.0,10173
E01003842,20.4,14040
E01003843,15.7,18212
E01003844,9.2,25517
E01003845,9.3,25364
E01003846,4.2,31335
E01003847,6.7,28640
E01003848,11.4,22916
E01003849,8.4,26496
E01003851,5.9,29595
E01003852,13.6,20334
E01003853,11.5,22779
E01003854,7.8,27287
E01003855,19.2,15099
E01003856,6.3,29104
E01003857,5.5,29987
E01003858,3.9,31608
E01003859,6.7,28619
E01003860,9.3,25436
E01003861,8.2,26791
E01003862,17.8,16325
E01003863,18.7,15504
E01003864,7.1,28154
E01003865,11.5,22780
E01003866,3.8,31675
E01003867,11.8,22428
E01003868,5.6,29924
E01003869,5.1,30455
E01003870,5.8,29667
E01003871,4.8,30677
E01003872,7.6,27501
E01003873,7.5,27732
E01003874,5.2,30274
E01003875,7.3,27905
E01003876,6.7,28654
E01003877,6.0,29443
E01003878,19.6,14734
E01003879,5.9,29573
E01003880,6.1,29338
E01003881,4.6,30902
E01003882,6.2,29211
E01003883,4.8,30722
E01003884,5.6,29942
E01003885,6.1,29344
E01003886,3.5,31939
E01003887,4.6,30928
E01003888,13.6,20383
E01003889,4.8,30675
E01003890,6.6,28798
E01003891,2.7,32410
E01003892,3.8,31691
E01003893,6.7,28660
E01003894,4.8,30678
E01003895,8.0,27050
E01003896,7.6,27626
E01003897,8.3,26696
E01003898,7.9,27203
E01003899,5.1,30374
E01003900,21.2,13430
E01003901,7.1,28252
E01003902,5.9,29580
E01003903,13.2,20852
E01003904,10.7,23624
E01003905,7.6,27587
E01003906,12.1,22093
E01003907,21.0,13572
E01003908,6.9,28447
E01003909,7.6,27502
E01003910,6.5,28889
E01033570,15.3,18671
E01033571,13.5,20497
E01003911,29.8,8105
E01003912,40.6,4076
E01003913,19.2,15082
E01003914,21.5,13168
E01003915,28.0,9013
E01003916,24.7,10919
E01003917,30.2,7948
E01003918,34.6,6042
E01003919,23.6,11638
E01003920,32.3,6969
E01003921,39.7,4355
E01003922,30.6,7717
E01003923,26.7,9783
E01003924,31.2,7459
E01003925,32.7,6790
E01003926,31.4,7330
E01003927,16.4,17545
E01003929,23.0,12077
E01003930,28.9,8533
E01003932,39.0,4581
E01003933,33.6,6417
E01003934,18.6,15563
E01003935,21.0,13553
E01003936,14.2,19694
E01003937,24.3,11190
E01003938,31.2,7465
E01003939,20.5,13960
E01003940,33.4,6510
E01003941,18.2,15923
E01003942,31.3,7382
E01003943,40.1,4225
E01003945,16.4,17553
E01003946,17.0,16984
E01003947,36.1,5479
E01003948,17.3,16743
E01003949,17.1,16916
E01003950,27.5,9317
E01003951,16.0,17898
E01003952,15.6,18363
E01003953,18.6,15542
E01003954,17.3,16753
E01003955,18.3,15889
E01003956,11.8,22374
E01003957,14.1,19823
E01003958,16.3,17627
E01003960,27.4,9373
E01003961,37.8,4927
E01003963,39.2,4510
E01003964,35.4,5759
E01003966,33.3,6529
E01003967,31.4,7376
E01003968,46.6,2741
E01003969,24.1,11322
E01003970,39.0,4575
E01003971,50.4,2115
E01003972,27.7,9184
E01003973,29.8,8110
E01003974,35.4,5766
E01003975,31.0,7524
E01003976,30.4,7826
E01003977,27.5,9324
E01003978,22.9,12106
E01003979,29.5,8253
E01003980,32.9,6731
E01003981,26.5,9885
E01003983,31.1,7479
E01003984,35.2,5815
E01003986,38.1,4827
E01003987,34.2,6166
E01003988,31.7,7224
E01003989,28.9,8567
E01003990,31.1,7510
E01003991,39.3,4497
E01003992,32.4,6909
E01003993,28.4,8831
E01003994,35.7,5652
E01003995,35.1,5860
E01003997,30.3,7905
E01003998,25.1,10677
E01003999,24.5,11075
E01004000,28.0,9040
E01004001,35.8,5613
E01004002,17.6,16486
E01004003,35.6,5683
E01004004,31.6,7230
E01004005,45.1,3029
E01004006,26.4,9908
E01004007,39.4,4448
E01004008,34.8,5948
E01004010,32.3,6961
E01004011,31.0,7560
E01004012,27.3,9413
E01004013,39.1,4531
E01004014,33.9,6313
E01004015,22.8,12177
E01004016,20.2,14185
E01004017,15.6,18340
E01004018,11.3,22986
E01004019,24.0,11364
E01004020,28.0,9018
E01004021,14.8,19109
E01004022,24.6,11006
E01004023,28.5,8739
E01004024,31.2,7463
E01004027,19.5,14772
E01004028,26.4,9929
E01004029,12.4,21736
E01004030,24.9,10804
E01004031,26.0,10212
E01004032,8.3,26745
E01004033,27.1,9550
E01004034,25.7,10360
E01004035,36.2,5462
E01004036,31.5,7294
E01004037,25.9,10262
E01004038,22.3,12539
E01004039,22.6,12335
E01004040,39.9,4297
E01004041,27.4,9349
E01004042,45.4,2987
E01004043,26.4,9939
E01004044,31.1,7490
E01004045,27.3,9397
E01004046,17.3,16709
E01004047,24.4,11150
E01004048,20.5,13921
E01004049,16.7,17287
E01004050,14.5,19440
E01004051,9.7,24843
E01004052,15.8,18182
E01004053,8.7,26189
E01004054,8.4,26623
E01004055,38.9,4596
E01004056,19.7,14645
E01004057,21.7,13026
E01004058,8.4,26547
E01004059,17.3,16765
E01004060,32.0,7088
E01004061,21.5,13156
E01004062,29.4,8321
E01004063,27.4,9345
E01004064,30.5,7778
E01004065,19.3,15020
E01004066,23.9,11418
E01004067,35.5,5696
E01004068,34.4,6118
E01004069,9.3,25346
E01004070,13.1,20902
E01004071,18.2,15938
E01004072,9.2,25533
E01004073,8.6,26350
E01004074,9.8,24794
E01004075,8.6,26265
E01032583,30.2,7940
E01032584,28.1,8963
E01032637,10.0,24490
E01032638,5.6,29878
E01032639,22.7,12228
E01032640,9.8,24817
E01032646,14.0,19949
E01032719,26.0,10176
E01032720,49.2,2298
E01032722,36.9,5242
E01032803,16.1,17880
E01032805,37.7,4985
E01032834,9.1,25667
E01004076,18.3,15853
E01004077,13.5,20472
E01004078,15.6,18343
E01004079,8.6,26349
E01004080,9.9,24684
E01004081,12.4,21699
E01004082,5.3,30200
E01004083,44.3,3200
E01004084,5.8,29715
E01004085,8.5,26443
E01004086,15.3,18662
E01004087,5.7,29772
E01004088,43.2,3420
E01004089,35.5,5694
E01004090,34.4,6100
E01004091,4.6,30940
E01004092,7.5,27650
E01004093,5.4,30099
E01004094,4.5,31028
E01004095,5.6,29884
E01004096,18.9,15331
E01004097,4.8,30702
E01004098,6.0,29482
E01004099,21.1,13483
E01004100,7.4,27872
E01004101,4.7,30821
E01004102,10.8,23530
E01004103,8.2,26783
E01004104,4.1,31420
E01004105,5.1,30436
E01004106,3.1,32179
E01004107,12.5,21595
E01004108,13.1,20903
E01004109,14.7,19191
E01004110,9.2,25524
E01004111,10.4,23943
E01004112,2.8,32340
E01004114,4.7,30843
E01004115,6.2,29262
E01004116,6.4,29001
E01004117,4.1,31456
E01004118,9.8,24781
E01004119,9.6,25024
E01004120,4.8,30753
E01004121,8.3,26686
E01004122,5.3,30197
E01004123,28.2,8947
E01004124,23.2,11900
E01004125,31.6,7232
E01004126,31.4,7374
E01004127,19.8,14552
E01004128,23.7,11588
E01004129,34.1,6218
E01004130,10.2,24239
E01004131,11.2,23157
E01004132,6.6,28726
E01004133,6.5,28894
E01004134,11.8,22364
E01004135,7.6,27624
E01004136,8.4,26564
E01004137,16.0,17926
E01004138,14.2,19774
E01004139,9.6,24997
E01004140,34.0,6273
E01004141,21.1,13497
E01004142,26.0,10196
E01004143,11.8,22419
E01004144,8.8,26088
E01004145,12.3,21863
E01004146,12.5,21632
E01004147,9.4,25229
E01004148,23.4,11799
E01004149,10.0,24557
E01004150,21.6,13054
E01004151,14.9,19066
E01004152,14.9,19010
E01004153,13.1,20936
E01004154,4.9,30626
E01004155,8.1,26924
E01004156,9.0,25793
E01004157,3.3,32021
E01004158,7.9,27179
E01004159,14.2,19763
E01004160,9.3,25344
E01004161,8.0,27062
E01004162,11.5,22768
E01004163,14.6,19347
E01004164,12.1,22050
E01004165,16.4,17583
E01004166,11.4,22837
E01004167,31.4,7353
E01004168,8.7,26183
E01004169,27.2,9475
E01004170,10.2,24245
E01004171,6.4,29030
E01004172,20.9,13642
E01004173,13.6,20426
E01004174,17.3,16717
E01004175,10.9,23458
E01004176,11.9,22267
E01004177,18.9,15288
E01004178,17.2,16834
E01004179,7.2,28027
E01004180,5.0,30475
E01004181,16.5,17510
E01004182,25.1,10724
E01004183,28.5,8769
E01004184,29.8,8136
E01004185,43.2,3424
E01004186,13.8,20200
E01004187,22.5,12367
E01004188,14.0,19972
E01004189,28.6,8713
E01004190,4.7,30846
E01004191,7.8,27350
E01004192,11.3,22933
E01004193,12.4,21744
E01004194,11.0,23291
E01004195,9.5,25116
E01004196,5.8,29706
E01032623,2.8,32359
E01004197,27.5,9298
E01004198,42.1,3698
E01004199,43.9,3280
E01004200,27.2,9443
E01004201,25.9,10249
E01004202,25.4,10499
E01004203,28.3,8880
E01004204,34.0,6274
E01004205,37.9,4905
E01004206,43.1,3446
E01004207,34.8,5973
E01004208,25.1,10715
E01004209,42.5,3602
E01004211,31.5,7276
E01004212,24.9,10838
E01004214,35.6,5686
E01004215,17.4,16624
E01004216,14.1,19837
E01004217,22.5,12388
E01004218,12.7,21427
E01004219,33.7,6380
E01004221,19.0,15260
E01004222,37.7,4966
E01004223,35.5,5705
E01004224,31.2,7452
E01004225,20.8,13671
E01004226,28.6,8684
E01004228,21.9,12849
E01004229,25.7,10339
E01004230,27.8,9165
E01004231,32.5,6874
E01004232,20.7,13752
E01004233,31.1,7486
E01004234,24.2,11218
E01004235,32.6,6856
E01004236,38.7,4668
E01004237,29.7,8147
E01004238,30.7,7688
E01004239,41.3,3901
E01004240,31.7,7203
E01004241,36.9,5227
E01004242,26.7,9768
E01004243,36.1,5485
E01004244,43.2,3416
E01004245,46.5,2763
E01004246,29.9,8057
E01004247,41.7,3824
E01004248,43.1,3465
E01004249,43.1,3447
E01004250,39.6,4393
E01004251,28.7,8675
E01004252,35.2,5828
E01004253,28.2,8904
E01004254,18.7,15458
E01004255,34.7,5983
E01004256,35.6,5676
E01004257,33.0,6674
E01004258,22.0,12802
E01004259,26.2,10040
E01004260,32.2,6995
E01004261,25.8,10280
E01004262,29.3,8367
E01004263,33.0,6689
E01004264,34.3,6140
E01004266,26.9,9652
E01004267,33.0,6672
E01004268,34.4,6121
E01004269,32.2,6988
E01004270,22.3,12534
E01004271,31.0,7538
E01004272,35.1,5842
E01004273,36.8,5279
E01004274,24.2,11260
E01004275,13.8,20159
E01004276,5.4,30144
E01004277,7.9,27157
E01004280,25.1,10692
E01004281,8.2,26798
E01004283,29.6,8223
E01004284,31.4,7366
E01004285,39.7,4342
E01004286,36.5,5381
E01004287,29.9,8047
E01004288,38.0,4874
E01004289,34.6,6032
E01004290,28.6,8732
E01004291,9.9,24676
E01004292,7.7,27385
E01004293,8.8,26059
E01004294,18.6,15535
E01004295,31.1,7506
E01004296,26.1,10142
E01004297,9.3,25393
E01004298,41.3,3911
E01004300,36.7,5313
E01004301,35.8,5604
E01004302,25.3,10599
E01004303,24.0,11397
E01004304,38.5,4740
E01004305,30.9,7611
E01004306,36.7,5304
E01004307,14.0,19910
E01004308,28.8,8621
E01004309,38.5,4749
E01004310,37.3,5125
E01004311,38.8,4644
E01004312,39.6,4384
E01004313,24.6,11032
E01004314,21.6,13053
E01004315,32.6,6850
E01004316,39.1,4542
E01004317,27.6,9244
E01004318,35.9,5572
E01004319,32.6,6845
E01004321,33.8,6345
E01004322,32.3,6983
E01004323,27.8,9137
E01004324,37.5,5052
E01004325,24.5,11050
E01004326,26.3,10008
E01032764,22.2,12594
E01032765,28.2,8918
E01032766,19.8,14542
E01032767,11.9,22328
E01032768,12.9,21107
E01032769,18.0,16124
E01032770,16.6,17320
E01032771,13.2,20860
E01032772,23.8,11466
E01032773,14.4,19572
E01032774,30.2,7916
E01032775,9.4,25292
E01032776,9.8,24799
E01032777,18.5,15657
E01032778,17.4,16614
E01032779,17.3,16738
E01032780,16.2,17778
E01032781,12.7,21416
E01032782,19.6,14749
E01032783,17.7,16421
E01032784,22.8,12196
E01032785,20.8,13712
E01032786,26.7,9758
E01032787,34.2,6192
E01004327,30.1,7992
E01004328,23.2,11954
E01004329,23.7,11575
E01004330,16.9,17056
E01004331,22.8,12158
E01004332,28.2,8927
E01004333,27.9,9066
E01004334,44.7,3119
E01004335,39.7,4362
E01004336,24.3,11164
E01004337,26.1,10118
E01004338,19.4,14941
E01004339,24.5,11057
E01004340,43.2,3432
E01004341,32.1,7036
E01004342,22.4,12475
E01004343,15.8,18190
E01004344,30.5,7780
E01004345,20.9,13646
E01004346,18.2,15972
E01004347,15.5,18452
E01004348,18.2,15993
E01004349,29.9,8091
E01004350,28.6,8698
E01004351,15.0,18892
E01004352,10.4,23995
E01004353,16.1,17875
E01004354,13.6,20330
E01004355,25.2,10657
E01004356,25.9,10256
E01004357,17.6,16459
E01004358,22.1,12717
E01004359,12.7,21404
E01004360,13.1,20890
E01004361,15.4,18552
E01004362,23.3,11856
E01004363,19.4,14952
E01004364,32.0,7069
E01004365,29.3,8358
E01004366,19.6,14761
E01004367,27.3,9423
E01004368,21.8,12888
E01004369,15.8,18122
E01004370,14.5,19459
E01004371,20.6,13836
E01004372,11.8,22386
E01004373,25.6,10432
E01004374,17.1,16899
E01004375,20.8,13709
E01004376,22.2,12644
E01004377,19.8,14476
E01004378,23.0,12064
E01004379,11.8,22382
E01004380,22.7,12272
E01004381,15.4,18539
E01004382,38.7,4663
E01004383,15.0,18959
E01004384,32.1,7043
E01004385,33.5,6481
E01004386,8.9,25868
E01004387,7.2,28095
E01004388,19.4,14955
E01004389,31.0,7533
E01004390,35.0,5903
E01004391,21.3,13300
E01004392,26.2,10024
E01004393,21.8,12894
E01004394,36.0,5529
E01004395,17.3,16750
E01004396,19.9,14422
E01004397,26.9,9666
E01004398,37.9,4902
E01004399,47.5,2576
E01004400,29.2,8395
E01004401,22.2,12638
E01004402,32.7,6798
E01004403,30.8,7659
E01004404,28.7,8644
E01004405,28.4,8814
E01004406,22.5,12412
E01004407,41.2,3915
E01004408,23.3,11853
E01004409,27.4,9342
E01004410,34.2,6167
E01004411,26.5,9899
E01004412,18.4,15738
E01004413,32.2,6997
E01004414,21.5,13165
E01004415,26.4,9922
E01004416,23.0,12086
E01004417,23.1,12004
E01004418,19.4,14916
E01004419,21.1,13460
E01004420,42.1,3684
E01004421,25.0,10740
E01004422,26.9,9657
E01004423,36.0,5540
E01004424,37.3,5128
E01004425,25.8,10288
E01004426,25.4,10530
E01004427,21.6,13096
E01004428,39.6,4387
E01004429,23.3,11880
E01004430,24.4,11129
E01004432,26.4,9936
E01004434,27.8,9155
E01004435,29.0,8481
E01004436,26.6,9833
E01004437,25.7,10395
E01004438,20.9,13609
E01004439,19.0,15233
E01004440,25.9,10223
E01004441,18.8,15444
E01004442,13.8,20152
E01004443,31.4,7369
E01004444,34.3,6152
E01004445,28.8,8617
E01004446,23.4,11752
E01004447,16.8,17154
E01004448,26.7,9772
E01004449,46.3,2803
E01004450,15.9,18040
E01004451,16.1,17874
E01004452,24.8,10862
E01004453,25.8,10327
E01004454,24.4,11139
E01004455,29.4,8328
E01004456,42.7,3536
E01004457,20.5,13953
E01004458,26.2,10047
E01004459,43.4,3379
E01004460,29.8,8097
E01004461,15.2,18694
E01004462,23.8,11471
E01004463,15.0,18935
E01004464,37.5,5047
E01004465,18.1,16047
E01004466,14.8,19125
E01004467,29.6,8188
E01004468,17.9,16258
E01004469,39.5,4431
E01004470,34.3,6157
E01004471,32.8,6772
E01033153,38.1,4853
E01004472,9.9,24666
E01004473,11.9,22310
E01004474,17.5,16534
E01004475,16.0,17970
E01004476,13.6,20382
E01004477,5.1,30427
E01004478,4.4,31143
E01004479,10.2,24219
E01004480,7.2,28021
E01004481,15.2,18761
E01004482,15.1,18803
E01004483,14.0,19926
E01004484,18.3,15837
E01004485,16.1,17817
E01004486,17.6,16426
E01004487,21.4,13248
E01004488,14.6,19364
E01004489,26.9,9627
E01004490,7.2,28015
E01004491,14.2,19740
E01004492,15.5,18414
E01004493,13.6,20364
E01004494,19.1,15151
E01004495,23.5,11697
E01004496,12.0,22187
E01004497,16.4,17512
E01004498,8.7,26162
E01004499,13.8,20104
E01004500,10.9,23432
E01004501,17.7,16374
E01004502,9.4,25288
E01004503,18.5,15634
E01004504,9.8,24721
E01004505,7.8,27364
E01004506,9.5,25152
E01004507,8.7,26239
E01004508,10.8,23599
E01004509,15.8,18176
E01004510,8.8,26091
E01004511,8.1,26969
E01004512,12.5,21622
E01004513,18.3,15875
E01004514,9.3,25454
E01004515,14.8,19074
E01004516,12.3,21815
E01004517,14.9,18989
E01004518,13.0,20999
E01004519,16.6,17332
E01004520,16.5,17433
E01004521,16.4,17534
E01004522,18.3,15866
E01004523,19.1,15182
E01004524,35.0,5868
E01004525,21.6,13131
E01004526,22.8,12185
E01004527,15.3,18676
E01004528,28.7,8673
E01004529,13.5,20554
E01004530,15.2,18736
E01004531,25.3,10579
E01004532,16.1,17810
E01004533,27.0,9564
E01004534,13.5,20468
E01004535,37.7,4970
E01004536,23.5,11674
E01004537,33.4,6489
E01004538,25.1,10702
E01004539,34.1,6208
E01004540,26.4,9942
E01004541,38.6,4700
E01004542,7.0,28352
E01004543,7.9,27182
E01004544,12.1,22063
E01004545,10.6,23829
E01004546,6.6,28753
E01004547,20.3,14054
E01004548,17.5,16560
E01004549,19.3,14976
E01004550,13.2,20846
E01004551,17.5,16564
E01004552,10.7,23714
E01004553,11.3,23022
E01004554,6.5,28864
E01004555,4.8,30653
E01004556,4.7,30796
E01004557,8.3,26658
E01004558,5.8,29652
E01004559,7.6,27575
E01004560,17.4,16606
E01004562,29.9,8087
E01004563,30.5,7775
E01004564,18.5,15699
E01004565,19.3,15043
E01004566,11.7,22476
E01004567,31.6,7246
E01004568,23.7,11579
E01004569,24.7,10975
E01004570,33.6,6433
E01004571,24.6,11003
E01004572,23.0,12072
E01004573,27.3,9403
E01004574,34.9,5928
E01004575,29.4,8305
E01004576,26.6,9829
E01004577,14.3,19652
E01004579,18.9,15348
E01004580,18.7,15480
E01004581,15.4,18520
E01004582,9.0,25733
E01004583,12.3,21872
E01004584,32.1,7042
E01004585,10.1,24327
E01004586,10.2,24309
E01004587,8.5,26459
E01004588,12.9,21164
E01004589,7.6,27504
E01004590,25.4,10520
E01004591,18.6,15550
E01004592,25.6,10399
E01004593,8.5,26376
E01004594,5.2,30272
E01004595,8.2,26770
E01004596,6.1,29297
E01004597,12.0,22210
E01004598,8.3,26755
E01004599,3.6,31858
E01004600,27.9,9097
E01004601,19.4,14917
E01004602,9.6,25029
E01004604,7.8,27298
E01004605,12.6,21436
E01004606,6.0,29425
E01004607,6.9,28435
E01004608,15.7,18238
E01004609,11.2,23061
E01004610,19.9,14415
E01004611,15.9,18072
E01004612,21.0,13529
E01004613,32.5,6866
E01004614,17.5,16536
E01004615,37.1,5177
E01004616,16.2,17793
E01004617,22.7,12245
E01004618,13.3,20722
E01004619,13.6,20376
E01004620,13.6,20379
E01004621,16.2,17769
E01004622,21.1,13491
E01004623,8.8,25996
E01004624,19.5,14815
E01004625,7.6,27625
E01004626,14.0,19942
E01004627,10.1,24322
E01004628,23.4,11763
E01004629,8.7,26152
E01004630,29.9,8066
E01004631,20.8,13693
E01004632,8.4,26566
E01004633,26.3,10006
E01004634,12.9,21202
E01004635,13.2,20830
E01004636,15.7,18240
E01004637,14.9,19001
E01004638,6.7,28633
E01004639,10.4,24017
E01004640,5.2,30360
E01004641,19.7,14652
E01004642,22.2,12645
E01004643,21.8,12940
E01004644,18.2,15979
E01004645,28.7,8654
E01033093,12.5,21599
E01033098,17.5,16588
E01033099,21.2,13403
E01033100,27.1,9545
E01033101,8.3,26739
E01033132,29.5,8273
E01033133,12.8,21289
E01033135,5.7,29855
E01004646,14.4,19570
E01004647,16.3,17624
E01004648,10.5,23935
E01004649,6.4,29012
E01004650,6.0,29514
E01004651,9.2,25503
E01004652,15.9,18062
E01004653,10.8,23503
E01004654,12.8,21266
E01004656,23.6,11625
E01004657,11.5,22741
E01004658,15.6,18296
E01004659,7.6,27574
E01004660,8.6,26318
E01004661,20.2,14144
E01004662,12.0,22170
E01004663,18.0,16131
E01004665,36.5,5376
E01004666,26.1,10123
E01004667,30.1,7987
E01004668,18.4,15757
E01004669,30.9,7591
E01004670,48.0,2488
E01004674,34.3,6143
E01004675,33.0,6646
E01004676,21.2,13382
E01004677,22.9,12092
E01004678,24.7,10961
E01004679,32.1,7034
E01004680,11.0,23309
E01004681,12.1,22113
E01004682,14.2,19698
E01004683,8.6,26341
E01004684,21.3,13307
E01004686,23.8,11469
E01004687,7.0,28371
E01004688,5.3,30198
E01004689,16.0,17986
E01004690,5.4,30073
E01004691,11.0,23381
E01004692,6.6,28779
E01004693,12.6,21478
E01004694,8.5,26491
E01004695,12.7,21342
E01004696,32.4,6924
E01004697,16.2,17722
E01004698,20.0,14384
E01004699,14.7,19200
E01004700,11.3,22989
E01004701,9.4,25245
E01004702,42.1,3687
E01004703,10.5,23871
E01004705,5.3,30175
E01004706,7.4,27823
E01004707,3.9,31583
E01004708,22.9,12143
E01004709,20.1,14236
E01004710,31.1,7483
E01004711,24.3,11199
E01004712,11.1,23263
E01004713,7.5,27672
E01004714,10.3,24181
E01004715,15.8,18090
E01004716,7.4,27864
E01004717,12.0,22125
E01004718,29.8,8120
E01004719,28.6,8731
E01004720,32.0,7066
E01004721,38.5,4722
E01004722,36.0,5553
E01004723,29.3,8354
E01004724,10.9,23490
E01004725,27.2,9498
E01004726,9.4,25261
E01004727,10.1,24363
E01004728,14.9,19059
E01004729,25.6,10420
E01004730,6.6,28806
E01004731,10.0,24520
E01004732,43.7,3324
E01004733,18.2,15991
E01004734,30.2,7933
E01004735,35.3,5794
E01004736,9.7,24862
E01004737,20.2,14145
E01004738,9.5,25164
E01004739,9.4,25205
E01004740,33.6,6426
E01004741,20.6,13839
E01004742,11.2,23098
E01004743,20.8,13668
E01004744,25.5,10482
E01004745,16.2,17777
E01004746,27.7,9216
E01004747,22.2,12655
E01004748,8.8,26006
E01004749,13.2,20814
E01004750,18.9,15320
E01004751,10.4,24060
E01004752,22.5,12381
E01004753,16.4,17568
E01004754,45.9,2865
E01004755,28.6,8689
E01004756,22.8,12183
E01004757,40.5,4110
E01004760,25.0,10773
E01004761,8.5,26464
E01004762,10.5,23921
E01004763,23.4,11768
E01004765,18.7,15472
E01032512,43.7,3326
E01032513,35.8,5605
E01033593,26.9,9625
E01033594,29.3,8369
E01033595,17.6,16446
E01033596,25.7,10393
E01033597,26.9,9671
E01033598,52.2,1850
E01033599,30.6,7759
E01033600,10.9,23435
E01033601,32.2,7015
E01033602,41.0,3978
E01033603,38.1,4851
E01033604,33.5,6478
E01033605,40.5,4098
E01033606,14.0,19938
E01033607,22.2,12626
E01033608,15.1,18794
