msoa,imd,ptal,density,density_source
E02000001,14.799999999999999,75.72033333333333,2975.0,direct
E02000002,34.575,3.55286,3831.0,direct
E02000003,24.883333333333336,7.589008333333333,5389.7,direct
E02000004,23.95,4.0482225,2663.6,direct
E02000005,30.939999999999998,6.265692,9327.5,direct
E02000007,36.5,4.92192,5854.4,direct
E02000008,34.8,5.956887142857143,9331.6,direct
E02000009,36.199999999999996,6.492025000000001,13380.5,direct
E02000010,34.660000000000004,6.973296,8458.9,direct
E02000011,25.5,6.5973325,4410.6,direct
E02000012,20.6,7.159504,8852.6,direct
E02000013,35.980000000000004,6.775754000000001,7203.7,direct
E02000014,36.699999999999996,10.806365,8269.8,direct
E02000015,38.8,6.245,6042.0,direct
E02000016,34.075,22.302572500000004,11925.1,direct
E02000017,27.459999999999997,23.680259999999997,10419.9,direct
E02000018,36.260000000000005,6.171598,7034.9,direct
E02000019,32.14,5.374274,3187.3,direct
E02000020,32.9,10.027184000000002,4116.3,direct
E02000021,32.1,4.673579999999999,3043.2,direct
E02000022,38.6,8.480369999999999,10270.7,direct
E02000023,39.55,4.0192475,4594.6,direct
E02000024,8.816666666666666,7.670979166666666,2888.2,direct
E02000025,16.279999999999998,5.87367,3573.0,direct
E02000026,10.875,5.5607875,4404.8,direct
E02000027,22.366666666666664,5.401221666666667,5761.1,direct
E02000028,12.625,10.4726975,6189.5,direct
E02000029,15.66,7.615104,5745.1,direct
E02000030,13.116666666666665,2.381291,648.7,direct
E02000031,9.0,9.63424,4296.5,direct
E02000032,8.34,6.368684,5679.6,direct
E02000033,18.04,6.660702000000001,5007.0,direct
E02000034,12.459999999999999,5.419524,5831.7,direct
E02000035,13.24,7.593262,6573.2,direct
E02000036,16.25,4.397641666666667,6265.1,direct
E02000037,11.266666666666666,4.922799666666667,2505.6,direct
E02000038,15.816666666666668,7.485601666666667,6082.0,direct
E02000039,10.55,6.6840475,3362.3,direct
E02000040,15.725,3.4419525,1772.8,direct
E02000041,18.54,13.960982000000001,7008.4,direct
E02000042,14.883333333333333,11.865765000000001,9531.6,direct
E02000043,7.4,7.172948,5157.7,direct
E02000044,23.84,11.095874,7986.3,direct
E02000045,20.133333333333336,6.199224999999999,6065.4,direct
E02000046,12.425,13.249425,7170.7,direct
E02000047,26.316666666666666,13.664066666666665,8715.6,direct
E02000048,12.48,4.697875999999999,3334.0,direct
E02000049,35.839999999999996,5.496702000000001,13360.4,direct
E02000050,18.216666666666665,4.40088,4893.4,direct
E02000051,10.26,8.164488,6322.0,direct
E02000052,12.233333333333334,8.045824999999999,10163.0,direct
E02000053,20.28,8.664202,12499.85,msoa11_msoa21_bridge
E02000054,16.45,5.955947500000001,5086.0,direct
E02000055,15.533333333333333,10.532941666666668,8140.7,direct
E02000056,8.116666666666665,4.5342416666666665,2829.1,direct
E02000057,13.85,9.7804325,7322.5,direct
E02000058,10.083333333333334,6.764925000000001,5639.7,direct
E02000059,22.349999999999998,7.294425,5298.8,direct
E02000060,15.25,12.755398333333334,9376.2,direct
E02000061,13.76,19.47782,5257.7,direct
E02000062,33.425,13.19185,3785.4,direct
E02000063,22.85,9.8078425,7309.9,direct
E02000064,22.325,12.526299999999999,8402.4,direct
E02000065,20.7,4.78671,2519.8,direct
E02000066,28.73333333333333,8.670358333333333,5995.7,direct
E02000067,25.5,6.08266,4431.3,direct
E02000068,28.075,6.75424,3607.0,direct
E02000069,19.375,4.8816675,4969.3,direct
E02000070,13.280000000000001,4.601214000000001,4370.2,direct
E02000071,17.64,3.5544260000000003,6509.4,direct
E02000072,31.785714285714285,4.375145714285714,2952.4,direct
E02000073,8.342857142857143,5.5723142857142856,6704.2,direct
E02000074,29.839999999999996,4.132832,7851.3,direct
E02000075,9.18,6.421791999999999,5201.3,direct
E02000077,12.4,5.953799999999999,7283.6,direct
E02000078,10.42,6.337986,5331.7,direct
E02000079,12.98,14.631380000000002,5321.9,direct
E02000080,11.5,8.530863333333334,5949.3,direct
E02000081,16.240000000000002,8.975996,3765.9,direct
E02000082,8.833333333333334,4.279535,6234.0,direct
E02000083,21.5,3.995136666666667,3013.2,direct
E02000084,9.1,5.387188571428571,4285.5,direct
E02000085,11.5,3.7287939999999997,4903.3,direct
E02000086,7.5,3.6353299999999997,4822.0,direct
E02000087,7.7,5.411542,2209.0,direct
E02000088,8.98,6.16573,3877.3,direct
E02000089,7.92,4.256796,5753.5,direct
E02000090,11.280000000000001,9.584724,5326.6,direct
E02000091,12.450000000000001,6.945461666666667,3718.2,direct
E02000092,30.700000000000003,3.095802,1127.0,direct
E02000093,18.45,7.9421083333333335,8624.0,direct
E02000094,19.240000000000002,7.482906,8989.3,direct
E02000095,19.34,7.81208,6754.3,direct
E02000096,11.120000000000001,7.369064,4666.5,direct
E02000097,19.380000000000003,3.73166,5094.1,direct
E02000098,22.66,6.118252,4755.0,direct
E02000099,17.28,7.819016,7426.4,direct
E02000100,11.82,6.534134,4003.6,direct
E02000101,26.54,9.229284,7078.6,direct
E02000102,33.95,4.9200575,6126.2,direct
E02000103,28.76,7.072124,5628.1,direct
E02000104,22.925,10.6483025,6774.7,direct
E02000105,21.48,7.4059479999999995,7185.9,direct
E02000106,33.1,11.401634999999999,7719.2,direct
E02000107,24.71666666666667,14.856695,11458.0,direct
E02000108,20.725,8.9682875,8929.8,direct
E02000109,21.400000000000002,10.022865000000001,9478.75,msoa11_msoa21_bridge
E02000110,20.94,9.738336,10230.3,direct
E02000111,22.24,14.520687999999998,10002.7,direct
E02000112,23.119999999999997,14.738974000000002,9259.9,direct
E02000113,45.199999999999996,8.253195,6491.0,direct
E02000114,24.4,15.03014,14668.2,direct
E02000115,24.02,16.34894,10160.3,direct
E02000116,34.45,14.549775,7798.0,direct
E02000117,40.766666666666666,7.920083333333333,14306.7,direct
E02000118,23.04,5.986078,9150.8,direct
E02000119,46.599999999999994,10.3646225,4131.8,direct
E02000120,25.04,19.968780000000002,17810.7,direct
E02000121,22.3,11.63142,8770.4,direct
E02000122,17.14,11.048044,6798.9,direct
E02000123,36.24285714285715,19.544185714285714,13118.8,direct
E02000124,21.22,19.825899999999997,9078.8,direct
E02000125,18.516666666666666,13.690085000000002,12981.6,direct
E02000126,38.175,21.996875,18710.0,direct
E02000127,30.96666666666667,5.426961666666667,4192.1,direct
E02000128,11.8,4.0935614000000005,3070.2,direct
E02000130,17.3,13.117092,5669.5,direct
E02000131,22.18,17.14828,5935.1,direct
E02000132,15.12,11.927748,5660.2,direct
E02000133,6.616666666666667,4.796556666666667,1799.1,direct
E02000134,15.914285714285715,12.592588571428573,6072.2,direct
E02000135,33.75,13.671026666666668,8530.7,direct
E02000136,19.95,3.3199775000000002,1260.0,direct
E02000137,8.379999999999999,7.348668000000001,4512.7,direct
E02000138,6.359999999999999,7.293577999999999,4077.5,direct
E02000139,12.88,15.078999999999999,5020.8,direct
E02000140,35.08,6.318002,4599.2,direct
E02000141,15.540000000000001,12.845462000000001,7749.7,direct
E02000142,8.14,6.0060459999999996,4953.6,direct
E02000144,8.5,18.002046,5068.8,direct
E02000145,33.88,2.3722760000000003,782.2,direct
E02000146,9.9,7.6714,5378.9,direct
E02000147,4.84,3.7693719999999997,3639.7,direct
E02000148,7.05,5.285785,2395.3,direct
E02000149,23.119999999999997,6.9764420000000005,4346.2,direct
E02000150,11.719999999999999,4.448634,2768.0,direct
E02000151,4.0600000000000005,6.874374,3589.3,direct
E02000152,23.1,3.6676200000000003,3095.1,direct
E02000153,6.0600000000000005,5.57657,3605.7,direct
E02000154,10.92,10.688984000000001,4088.4,direct
E02000155,17.0,5.453982,3936.0,direct
E02000156,6.6625,4.395145,3198.1,direct
E02000157,5.279999999999999,8.471808,3418.3,direct
E02000158,16.82,4.079674,3605.6,direct
E02000159,7.175000000000001,4.5262425,1209.1,direct
E02000160,8.02,3.6065300000000002,958.5,direct
E02000161,5.3,4.62632,5062.2,direct
E02000162,14.275,1.5013905,558.1,direct
E02000163,7.639999999999999,2.8592174,682.4,direct
E02000165,8.940000000000001,1.9468732000000002,1266.7,direct
E02000166,20.880000000000003,7.692518,2561.3,direct
E02000167,6.4,9.647914,3458.4,direct
E02000168,16.32,21.05704,11479.6,direct
E02000169,5.9799999999999995,12.963639999999998,6393.2,direct
E02000170,12.64,16.277672,10264.5,direct
E02000171,14.3,15.23654,14174.5,direct
E02000172,29.516666666666666,18.043133333333333,14951.4,direct
E02000173,8.879999999999999,23.0873,9622.4,direct
E02000174,21.86,20.932,14812.2,direct
E02000175,14.440000000000001,24.604219999999998,13135.7,direct
E02000176,8.0,15.044875,14874.2,direct
E02000177,27.060000000000002,19.85638,16204.7,direct
E02000178,26.28,20.934440000000002,15844.5,direct
E02000179,16.025,13.0933,15019.6,direct
E02000180,24.18,16.12039,16228.6,direct
E02000181,12.540000000000001,27.89302,14936.2,direct
E02000182,14.3,25.157362499999998,8919.7,direct
E02000183,17.68,15.783786000000001,9835.4,direct
E02000184,30.939999999999998,35.9798,13399.5,direct
E02000185,29.919999999999998,21.25052,18813.8,direct
E02000186,25.7,31.37995,6201.9,direct
E02000187,34.46,54.838440000000006,10104.3,direct
E02000188,29.139999999999997,34.22756,14140.2,direct
E02000189,28.5,61.48165,17336.9,msoa11_msoa21_bridge
E02000190,23.64,73.36212,17336.9,msoa11_msoa21_bridge
E02000191,14.925,67.151025,8311.8,direct
E02000192,23.15,51.765950000000004,15417.9,direct
E02000193,17.55,73.61335,5469.8,direct
E02000194,23.44,10.167642,6615.7,direct
E02000195,15.34,5.59323,4983.5,direct
E02000196,24.175,8.167985,6455.7,direct
E02000197,20.44,9.381392,9091.4,direct
E02000198,31.119999999999997,8.369186000000001,9965.2,direct
E02000199,21.580000000000002,8.599822,9752.0,direct
E02000200,26.54,13.864498000000001,7253.7,direct
E02000201,32.059999999999995,14.669338,10119.9,direct
E02000202,21.266666666666666,9.34241,12146.6,direct
E02000203,31.619999999999997,15.5143,10294.7,direct
E02000204,23.083333333333332,7.282735,8884.7,direct
E02000206,33.13333333333333,12.998423333333333,7404.0,direct
E02000207,28.78,10.970804,7174.4,direct
E02000208,39.88,10.472688,12407.8,direct
E02000209,25.939999999999998,7.186596,9043.5,direct
E02000210,18.64,7.9250560000000005,11239.7,direct
E02000211,10.620000000000001,2.51367,4930.3,direct
E02000212,30.0,13.459078,7622.5,direct
E02000213,39.2,35.81012,12415.6,direct
E02000214,10.825,11.5258575,6048.5,direct
E02000215,23.433333333333334,24.094471666666667,11984.4,direct
E02000216,13.575,17.985172499999997,3275.6,direct
E02000217,28.880000000000003,22.62826,8332.2,direct
E02000218,22.525,4.0666525,5862.0,direct
E02000219,9.1,4.7720780000000005,1336.2,direct
E02000220,26.98,33.990120000000005,9736.7,msoa11_msoa21_bridge
E02000221,28.4,7.496646,3870.4,direct
E02000222,14.940000000000001,10.69305,4485.9,direct
E02000223,38.9,8.438022,8868.8,direct
E02000224,15.1,9.447731999999998,6288.0,direct
E02000225,31.76,8.949411999999999,4597.8,direct
E02000226,9.319999999999999,3.7265,2320.7,direct
E02000227,17.6875,3.92089,2539.2,direct
E02000228,5.619999999999999,2.564794,2542.0,direct
E02000229,38.6,6.643409999999999,4725.4,direct
E02000230,14.133333333333333,7.888136666666667,4016.4,direct
E02000231,8.78,4.815606000000001,2358.3,direct
E02000232,11.95,1.672025,1417.7,direct
E02000233,13.9,4.0419,4010.1,direct
E02000234,17.48,6.29644,3038.5,direct
E02000235,11.05,2.23580275,1277.1,direct
E02000236,9.26,4.71035,2554.1,direct
E02000237,13.0,2.568224,1535.7,direct
E02000238,18.619999999999997,6.46949,7024.2,direct
E02000239,12.78,6.044556,3839.5,direct
E02000240,30.05,7.406793333333333,6489.3,direct
E02000241,20.175,9.5841225,5667.1,direct
E02000242,15.125,3.9422775000000003,7749.0,direct
E02000243,24.240000000000002,8.687678,3064.3,direct
E02000244,17.125,7.8221225,4390.6,direct
E02000245,38.04,5.72299,5622.8,direct
E02000246,30.48,5.188604,4598.5,direct
E02000247,27.883333333333336,6.915808333333334,7978.7,direct
E02000248,18.9,11.222552499999999,4468.2,direct
E02000249,24.549999999999997,9.7905075,6553.5,direct
E02000250,8.05,5.900915,6499.2,direct
E02000251,17.380000000000003,7.599266,8795.9,direct
E02000252,29.7,13.7135,3828.6,direct
E02000253,33.949999999999996,8.407383333333334,8945.8,direct
E02000254,22.619999999999997,6.103744,8846.3,direct
E02000255,21.416666666666668,8.298515,6369.6,direct
E02000256,13.219999999999999,15.843396000000002,8376.4,direct
E02000257,15.625,19.7607475,7330.200000000001,msoa11_msoa21_bridge
E02000258,18.425,7.3153999999999995,6683.1,direct
E02000259,15.0,7.521435,5151.4,direct
E02000260,26.139999999999997,12.970607999999999,9057.2,direct
E02000261,23.216666666666665,11.661383333333333,9698.7,direct
E02000262,25.639999999999997,11.385446,13214.6,direct
E02000263,29.933333333333334,8.1896,11096.2,direct
E02000264,18.06,16.008159999999997,5912.2,direct
E02000265,26.599999999999998,13.868761666666666,11080.2,direct
E02000266,37.34285714285714,4.804304285714286,3390.4,direct
E02000267,18.65,10.851917499999999,10814.8,direct
E02000268,21.0,7.747176666666667,6975.3,direct
E02000269,10.64,12.149802,9226.2,direct
E02000270,36.32,14.41258,12064.5,direct
E02000271,9.55,9.800442499999999,9295.2,direct
E02000272,10.35,7.585905,5599.8,direct
E02000274,28.285714285714285,7.645672857142857,11929.650000000001,msoa11_msoa21_bridge
E02000275,27.6,6.8372399999999995,6968.0,direct
E02000276,13.674999999999999,10.748075,8035.4,direct
E02000277,26.25,6.29763,7186.2,direct
E02000278,38.68,5.973482,7177.1,direct
E02000279,32.5,5.327613333333333,4724.1,direct
E02000280,21.82,4.2680185999999996,554.7,direct
E02000281,27.880000000000003,2.5858980000000003,5087.2,direct
E02000282,40.0,5.668118,7877.0,direct
E02000283,30.8,5.140884,7486.4,direct
E02000284,16.94,9.569704,6814.5,direct
E02000285,11.375,5.6387575000000005,6742.1,direct
E02000286,17.6,8.302056,4235.4,direct
E02000287,13.200000000000001,4.8699580000000005,829.5,direct
E02000288,33.38333333333333,9.845163333333334,6039.9,direct
E02000289,10.4,4.544465000000001,1991.7,direct
E02000290,39.75,4.8300125,1368.7,direct
E02000291,22.7,11.20213,8780.8,direct
E02000292,21.466666666666665,6.856186666666666,5236.1,direct
E02000293,10.875,6.2444175,2963.1,direct
E02000294,29.78,5.404604,6245.2,direct
E02000295,14.319999999999999,5.834714,5363.5,direct
E02000296,19.66,9.656832,5739.1,direct
E02000297,11.15,6.915358333333334,5799.8,direct
E02000298,8.5,7.49821,4126.5,direct
E02000299,34.1,9.47408,10825.4,direct
E02000300,31.660000000000004,9.057272000000001,11396.4,direct
E02000301,40.26666666666667,7.022686666666666,5611.7,direct
E02000302,19.22,3.056716,5485.4,direct
E02000303,39.28,9.637889999999999,6735.6,direct
E02000304,9.459999999999999,8.194778,4673.4,direct
E02000305,15.34,8.787612,9238.3,direct
E02000306,43.56,14.81035,4372.4,direct
E02000307,24.900000000000002,6.4358933333333335,9143.7,direct
E02000308,21.9,17.74284,7634.4,direct
E02000309,38.1,11.048963333333333,7239.6,direct
E02000311,26.75,6.996453333333332,7441.1,direct
E02000312,19.383333333333336,13.834851666666665,8626.3,direct
E02000313,29.150000000000002,7.20028,8880.5,direct
E02000314,23.485714285714288,5.6524342857142855,4429.6,direct
E02000315,37.02,9.124976,8274.1,direct
E02000316,24.475,22.80284,10033.25,msoa11_msoa21_bridge
E02000317,32.660000000000004,14.170660000000002,11584.2,direct
E02000318,26.7,11.313222,10014.5,direct
E02000319,24.016666666666666,12.020293333333333,11482.6,direct
E02000320,22.099999999999998,8.30926,4822.6,direct
E02000321,33.35,14.236292500000001,12403.2,direct
E02000323,32.31666666666667,19.024403333333332,16893.5,direct
E02000324,29.65,12.205232500000001,6035.3,direct
E02000326,20.174999999999997,14.547675,10679.3,direct
E02000327,30.375,7.6424125,3563.9,direct
E02000328,17.375,14.25435,7432.1,direct
E02000329,19.725,4.975855,3591.6,direct
E02000331,29.525,7.2425575,8295.6,direct
E02000332,15.88,4.642942,3694.1,direct
E02000333,14.100000000000001,8.174285,4948.9,direct
E02000334,25.975,3.8009475,4791.8,direct
E02000335,11.35,4.4275,5158.0,direct
E02000337,30.839999999999996,9.234384,6062.0,direct
E02000339,16.925,14.311805,5006.8,direct
E02000340,14.399999999999999,8.776065,2104.4,direct
E02000341,38.4,4.48578,4462.5,direct
E02000342,21.133333333333336,6.912623333333333,4652.2,direct
E02000343,24.625,7.1426025,5607.5,direct
E02000344,12.825,7.163304999999999,4977.6,direct
E02000345,29.1,16.726004,13394.9,direct
E02000346,47.2,20.91955,16131.1,direct
E02000347,29.080000000000002,10.860932,11888.3,direct
E02000348,33.36,15.741966,14511.3,direct
E02000350,24.360000000000003,19.64702,18077.7,direct
E02000351,28.083333333333332,28.36123333333333,17770.8,direct
E02000352,26.525,7.906695,8850.0,direct
E02000353,23.759999999999998,19.953960000000002,13897.2,direct
E02000354,34.93333333333333,19.58965,12111.2,direct
E02000355,28.8,18.39396,12488.9,direct
E02000356,23.7,11.827855,17436.8,direct
E02000357,43.95,4.4612775,4495.6,direct
E02000358,31.883333333333336,19.243133333333333,17988.6,direct
E02000359,30.75,10.482255,15335.5,direct
E02000360,36.5,24.106683333333336,21076.5,direct
E02000361,33.45,31.924924999999998,13557.7,direct
E02000362,44.25,12.012305,5373.2,direct
E02000363,41.916666666666664,20.725733333333334,19916.2,direct
E02000364,27.82,21.9989,13870.6,direct
E02000365,30.1,25.2002875,14470.3,msoa11_msoa21_bridge
E02000366,35.160000000000004,11.59018,12943.7,direct
E02000367,31.233333333333334,20.64625,14100.1,direct
E02000368,38.38333333333333,13.875016666666667,15622.7,direct
E02000369,36.4,17.0424,20695.1,direct
E02000370,33.75,20.413425,18158.2,direct
E02000371,29.585714285714285,36.97288571428572,15058.0,msoa11_msoa21_bridge
E02000372,32.559999999999995,14.766622000000002,2901.9,direct
E02000373,39.325,5.6238,17236.0,direct
E02000374,28.299999999999997,10.688645000000001,13942.3,direct
E02000375,30.775,24.742974999999998,9992.0,direct
E02000376,30.475,21.672325,16343.9,direct
E02000377,28.119999999999997,11.94696,17572.1,direct
E02000378,24.225,36.864575,21858.6,direct
E02000379,18.575,8.361775000000002,10887.1,direct
E02000380,17.325,22.915824999999998,15634.4,direct
E02000381,20.04,25.380599999999998,13798.8,direct
E02000382,21.475,17.368825,10022.7,direct
E02000383,18.083333333333332,28.048983333333336,14093.9,direct
E02000384,33.17999999999999,37.970620000000004,10560.8,direct
E02000385,17.275,20.618625,14045.5,direct
E02000386,32.04,21.77682,17334.2,direct
E02000387,22.799999999999997,13.086829999999999,14767.2,direct
E02000388,19.78,22.935679999999998,16284.8,direct
E02000389,11.379999999999999,11.551752,13776.9,direct
E02000390,18.675,11.645399999999999,17812.0,direct
E02000391,17.82,19.351999999999997,11402.2,direct
E02000392,18.233333333333334,16.6519,16682.9,direct
E02000393,9.45,12.5831,16779.0,direct
E02000394,20.0,12.20448,14096.3,direct
E02000395,10.5,17.172825,5828.6,direct
E02000396,18.4,9.194975,11042.1,direct
E02000397,26.425,18.6161,14022.0,direct
E02000398,50.425,9.891222500000001,6312.1,direct
E02000400,21.8,14.123122500000001,5988.5,direct
E02000401,42.975,9.07719,9194.9,direct
E02000402,41.35,10.1355325,6809.0,direct
E02000403,24.925,19.4631725,8827.4,direct
E02000404,31.35,11.8468975,11091.9,direct
E02000405,12.0,7.8472775,3633.0,direct
E02000406,33.25,18.4987,14704.2,direct
E02000407,40.225,19.854174999999998,14566.2,direct
E02000408,37.5,21.22655,15936.7,direct
E02000409,42.225,6.823795,8730.9,direct
E02000410,11.125,9.716255,8533.4,direct
E02000411,33.05,12.378415,8199.8,direct
E02000412,34.375,27.859775,9491.9,direct
E02000413,13.875,6.440685,6366.2,direct
E02000414,29.45,11.4568225,17296.0,direct
E02000415,27.099999999999998,18.2983525,10282.6,direct
E02000416,28.98,9.349628,13445.2,direct
E02000417,13.75,8.626394999999999,6187.2,direct
E02000418,12.0,6.8664000000000005,7615.0,direct
E02000419,24.825,22.301724999999998,13601.1,direct
E02000420,36.4,20.12585,13836.8,direct
E02000421,42.224999999999994,32.391825,10857.3,direct
E02000422,29.7,11.5555775,13750.0,direct
E02000423,22.775,14.0300575,12449.5,direct
E02000424,19.55,10.6023125,10139.6,direct
E02000425,27.825,19.1657875,15099.8,direct
E02000426,15.2,6.794775,2912.3,direct
E02000427,25.725,18.81145,6166.7,direct
E02000428,31.15,12.7953,14136.8,direct
E02000429,13.475000000000001,7.34431,6927.4,direct
E02000430,14.975,11.6909925,10516.6,direct
E02000431,13.950000000000001,14.9632,9599.5,direct
E02000432,23.625,24.74125,11420.0,direct
E02000433,12.25,3.682645,1361.2,direct
E02000434,14.48,6.497136,5017.6,direct
E02000435,20.675,3.1573575,4533.7,direct
E02000436,7.7,1.6914820000000002,1219.4,direct
E02000437,16.72,7.490220000000001,6272.4,direct
E02000438,18.48,7.022582,4880.9,direct
E02000439,19.080000000000002,8.584254,8710.9,direct
E02000440,10.08,4.430132,6423.9,direct
E02000441,16.95,3.442322,3202.6,direct
E02000442,14.419999999999998,5.865036000000001,8409.2,direct
E02000443,21.880000000000003,9.997254,10987.6,direct
E02000444,11.36,5.266261999999999,7964.0,direct
E02000445,21.619999999999997,11.230675999999999,9410.9,direct
E02000447,12.149999999999999,5.89828,3856.9,direct
E02000448,6.65,6.790745,4109.5,direct
E02000449,18.46,5.804616,9033.0,direct
E02000451,7.375,7.95397,4196.5,direct
E02000452,17.375,13.457815,8450.1,direct
E02000453,12.4,9.342807500000001,8109.5,direct
E02000454,5.75,3.8241375,4684.1,direct
E02000455,18.65,19.54168,9470.8,direct
E02000456,14.95,12.9712775,8453.6,direct
E02000457,11.475,9.3590175,6085.3,direct
E02000459,20.35,9.0644425,7774.3,direct
E02000460,22.975,6.37922,8443.4,direct
E02000461,9.6,8.80013,2738.3,direct
E02000462,16.775,11.307025,6985.5,direct
E02000463,19.5,4.613446,9371.4,direct
E02000464,29.0,3.59583175,1324.3,direct
E02000465,28.6,4.509764,3337.3,direct
E02000466,23.34,3.7710017999999996,1444.7,direct
E02000467,39.833333333333336,4.867445,8433.6,direct
E02000468,19.22,4.5967898,2113.0,direct
E02000469,27.849999999999998,3.801235,4248.9,direct
E02000470,12.32,4.7167104,1446.5,direct
E02000471,9.88,3.038218,3653.8,direct
E02000472,12.833333333333334,7.318193333333333,6167.9,direct
E02000473,10.950000000000001,3.2461,3674.7,direct
E02000474,19.580000000000002,4.786346,4161.0,direct
E02000475,10.416666666666666,7.3480316666666665,3430.1,direct
E02000476,23.3,19.5088,5976.6,direct
E02000477,7.583333333333333,6.6847199999999996,5450.7,direct
E02000478,8.3,2.82171,2404.1,direct
E02000479,17.84,14.096652,6871.5,direct
E02000480,20.45,6.272306666666666,4100.7,direct
E02000481,9.940000000000001,2.1151124,672.5,direct
E02000482,4.25,7.945195,2327.9,direct
E02000483,13.66,8.975132,4991.9,direct
E02000484,12.02,3.2920500000000006,4588.8,direct
E02000485,10.1,6.976068000000001,4048.3,direct
E02000486,10.059999999999999,8.910002,5771.8,direct
E02000487,5.640000000000001,1.8317419999999998,614.3,direct
E02000488,7.659999999999999,4.569082,4144.7,direct
E02000489,16.36,6.402938000000001,3321.9,direct
E02000490,16.5,3.9688740000000005,4128.0,direct
E02000491,27.04,3.9648139999999996,2216.4,direct
E02000492,14.25,1.830281,486.3,direct
E02000493,22.475,4.68916,5226.1,direct
E02000494,10.260000000000002,3.4387794,1279.2,direct
E02000495,12.016666666666666,7.070075,3819.1,direct
E02000496,19.46,1.1441265999999999,512.4,direct
E02000497,14.14,2.940806,3523.6,direct
E02000498,11.525,2.9005229999999997,2032.3,direct
E02000499,6.94,6.8988439999999995,4803.3,direct
E02000500,6.959999999999999,7.4194232,2856.6,direct
E02000501,8.8,5.187524,5899.3,direct
E02000502,8.719999999999999,7.12526,2143.3,direct
E02000503,7.88,6.7731520000000005,6296.6,direct
E02000504,6.14,3.9109880000000006,2494.5,direct
E02000506,8.68,3.750325,1451.3,direct
E02000507,11.02,3.2324151999999997,3066.5,direct
E02000508,16.125,9.335212499999999,4350.0,direct
E02000509,19.025,5.9096715,5241.1,direct
E02000510,16.02,5.122952,4277.7,direct
E02000511,15.383333333333333,4.1669133333333335,4158.6,direct
E02000512,26.1,5.148364,6269.0,direct
E02000513,29.24,4.179004,6633.6,direct
E02000514,20.933333333333334,5.852989999999999,8900.9,direct
E02000515,25.349999999999998,3.3235499999999996,4216.5,direct
E02000516,23.360000000000003,3.520512,5224.5,direct
E02000517,26.8,4.720922,6767.1,direct
E02000518,28.080000000000002,5.296298,3817.4,direct
E02000519,29.919999999999998,7.0297480000000006,5259.0,direct
E02000520,26.46666666666667,7.233725,3224.6,direct
E02000521,28.28,3.414766,5374.9,direct
E02000522,24.58,6.3591560000000005,6100.1,direct
E02000523,20.2,10.091942,6906.9,direct
E02000524,24.1,3.3438199999999996,367.4,direct
E02000525,23.5,6.123258,2473.7,direct
E02000526,10.559999999999999,14.059834,9345.6,direct
E02000528,30.433333333333334,9.101603333333333,7241.85,msoa11_msoa21_bridge
E02000529,22.72,3.7841479999999996,8221.4,direct
E02000530,33.324999999999996,3.86202,2981.8,direct
E02000531,23.46,9.711006000000001,4527.3,direct
E02000532,14.683333333333332,6.560341666666666,3920.0,direct
E02000533,15.940000000000001,7.486864,7912.2,direct
E02000534,13.7,7.088455,1758.6,direct
E02000535,19.619999999999997,5.6157900000000005,6485.6,direct
E02000536,20.919999999999998,6.583802,6749.1,direct
E02000537,16.16,10.39399,5214.2,direct
E02000538,22.16,5.3888419999999995,4291.5,direct
E02000539,22.18,9.621348000000001,7425.6,direct
E02000540,19.82,15.817367999999998,9666.7,direct
E02000541,24.080000000000002,8.54842,10069.2,direct
E02000542,23.82,14.190474,11762.0,direct
E02000543,21.266666666666666,20.269568333333336,12233.3,direct
E02000544,14.36,4.548294,6175.2,direct
E02000545,26.080000000000002,4.5386880000000005,7037.7,direct
E02000546,20.619999999999997,5.3735100000000005,4238.4,direct
E02000547,20.36,5.837982,3369.3,direct
E02000548,27.660000000000004,3.0094338,2997.3,direct
E02000549,22.316666666666666,9.188776666666667,5106.5,direct
E02000550,26.75,8.18132,11335.4,direct
E02000551,32.4,4.727214,4578.4,direct
E02000552,17.68,3.088972,3025.4,direct
E02000553,21.55,3.9475974999999996,2821.2,direct
E02000554,36.56666666666667,12.454133333333333,14685.3,direct
E02000555,26.333333333333332,19.314595,16056.0,direct
E02000556,28.766666666666666,23.7398,17510.8,direct
E02000557,33.519999999999996,25.6483,12394.9,direct
E02000558,41.28,35.6058,19619.4,direct
E02000559,20.016666666666666,30.921116666666666,16609.5,direct
E02000560,26.625,30.501875000000002,14619.4,direct
E02000561,17.425,13.974825,12040.7,direct
E02000562,23.78,16.48576,12137.3,direct
E02000563,35.980000000000004,17.520159999999997,14966.4,direct
E02000564,28.271428571428572,27.982300000000002,15377.0,direct
E02000565,30.28,23.12304,16654.3,direct
E02000566,19.580000000000002,30.35032,12215.9,direct
E02000567,27.150000000000002,26.65426666666667,15710.4,direct
E02000568,32.260000000000005,19.703719999999997,12560.4,direct
E02000569,28.583333333333332,32.23855,14190.5,direct
E02000570,16.14,17.346046,13782.4,direct
E02000571,32.32,19.34874,17861.9,direct
E02000572,35.9,26.32106,18765.3,direct
E02000573,21.8,26.2776,14250.4,direct
E02000574,25.7,45.90786,12879.0,direct
E02000575,22.071428571428573,34.001042857142856,12169.8,direct
E02000576,26.360000000000003,38.93332,14117.7,direct
E02000577,49.68,14.971100000000002,8849.0,direct
E02000578,43.8,8.766185,11687.8,direct
E02000579,30.360000000000003,13.718583999999998,14730.5,direct
E02000580,35.160000000000004,19.88938,19931.8,direct
E02000581,41.339999999999996,12.417162000000001,17134.9,direct
E02000582,16.96,32.919439999999994,13407.8,direct
E02000583,17.04,25.77964,11167.5,direct
E02000584,11.76,28.25732,7870.8,direct
E02000585,16.3,26.496100000000002,8908.5,direct
E02000586,9.559999999999999,26.040399999999998,12324.4,direct
E02000587,11.52,26.61678,12437.3,direct
E02000588,11.059999999999999,29.571440000000003,7800.5,direct
E02000589,17.5,29.750400000000003,19552.3,direct
E02000590,20.74,32.90726,12972.9,direct
E02000591,29.1,35.400775,17221.3,direct
E02000592,11.440000000000001,33.93626,10156.8,direct
E02000593,19.86,35.54782,14839.4,direct
E02000594,12.940000000000001,18.409737999999997,8343.4,direct
E02000595,15.14,22.7226,9699.4,direct
E02000596,12.440000000000001,22.79436,12083.3,direct
E02000597,34.44,17.05066,16040.5,direct
E02000598,5.86,4.29471,6083.6,direct
E02000599,7.62,3.231686,1686.5,direct
E02000600,8.98,9.648692,7564.2,direct
E02000601,8.866666666666667,13.445013333333334,11112.8,direct
E02000602,19.619999999999997,13.835125999999999,9571.2,direct
E02000603,17.98,4.9527920000000005,6524.1,direct
E02000604,10.620000000000001,9.872466,6029.1,direct
E02000605,11.2,4.591882,5902.9,direct
E02000606,9.6,16.533341999999998,7050.1,direct
E02000607,8.15,4.319835,4716.1,direct
E02000608,12.275,15.278300000000002,8765.4,direct
E02000609,13.4,6.595591999999999,5174.0,direct
E02000610,14.419999999999998,10.901974,7146.2,direct
E02000611,5.76,3.53198,4135.6,direct
E02000612,9.2,6.256016,4372.8,direct
E02000613,11.14,6.268616,6725.7,direct
E02000614,15.059999999999999,5.155502,3147.4,direct
E02000615,10.280000000000001,4.786575999999999,4817.5,direct
E02000616,9.625,4.19717,4620.7,direct
E02000617,16.1,3.8405,1252.6,direct
E02000619,28.5,23.72122,16582.8,direct
E02000620,25.96,36.6671,13499.2,direct
E02000621,26.25,33.14795,17174.2,direct
E02000622,23.619999999999997,23.398658,10789.6,direct
E02000623,28.880000000000003,20.38608,17136.9,direct
E02000624,30.679999999999996,17.593784,16729.2,direct
E02000625,30.9,18.8215,16779.1,direct
E02000626,35.88,12.965314000000001,15045.0,direct
E02000627,29.54,26.23034,18154.7,direct
E02000628,38.666666666666664,31.823666666666664,16445.6,direct
E02000629,22.56,19.967480000000002,14212.0,direct
E02000630,22.22,20.4274,11108.2,direct
E02000631,19.119999999999997,14.723579999999998,8947.0,direct
E02000632,23.6,23.583620000000003,18151.9,direct
E02000633,32.38,34.5427,14500.6,direct
E02000634,30.5,24.646225,12994.2,direct
E02000635,28.76,20.4624,7896.3,direct
E02000636,15.779999999999998,12.808428000000001,8353.5,direct
E02000637,22.14,17.43414,14384.5,direct
E02000638,25.259999999999998,16.10044,14968.6,direct
E02000639,29.080000000000002,16.237056000000003,14241.0,direct
E02000640,16.266666666666666,9.795371666666666,11359.2,direct
E02000641,32.68,9.819908,14129.0,direct
E02000642,25.339999999999996,16.70258,9047.2,direct
E02000643,22.2,22.77138,13395.2,direct
E02000644,21.28,14.550888,9421.7,direct
E02000645,22.46,17.389714,8413.2,direct
E02000646,19.880000000000003,22.4649,10021.1,direct
E02000647,19.759999999999998,9.198690000000001,8881.5,direct
E02000648,34.8,9.732474,11111.9,direct
E02000649,24.333333333333332,22.762616666666663,12043.4,direct
E02000650,31.419999999999998,12.240182,9926.2,direct
E02000651,21.22,16.99018,7803.9,direct
E02000652,20.5,10.295048,10998.1,direct
E02000653,27.419999999999998,7.977542,18645.4,direct
E02000654,35.08,10.489812,9287.5,direct
E02000655,32.62,14.109136000000001,10508.9,direct
E02000657,26.5,28.49538,11336.7,direct
E02000658,24.5,24.2106,11135.7,direct
E02000659,22.619999999999997,23.0356,7859.4,direct
E02000660,24.580000000000002,19.25596,10100.9,direct
E02000661,16.0,15.23905,5046.2,direct
E02000662,24.619999999999997,15.8486,10772.7,direct
E02000663,20.475,20.7727,10361.3,direct
E02000664,35.93333333333333,30.396516666666667,12281.5,msoa11_msoa21_bridge
E02000665,21.05,11.1409225,10189.9,direct
E02000666,21.775,11.820025,7550.7,direct
E02000667,15.4,11.54561,9193.0,direct
E02000668,17.625,10.4566625,6798.1,direct
E02000669,24.5,11.177406000000001,12413.6,direct
E02000670,34.175,14.880402499999999,10790.0,direct
E02000671,20.82,13.422854000000001,8790.1,direct
E02000672,33.760000000000005,20.00582,8860.5,direct
E02000673,15.76,12.642536000000002,7676.9,direct
E02000674,21.2,7.524662000000001,10341.3,direct
E02000675,19.8,7.149592,5949.2,direct
E02000676,20.880000000000003,9.67458,10480.0,direct
E02000677,22.35,11.4625475,6865.4,direct
E02000678,31.725,6.381635,6736.7,direct
E02000679,26.419999999999998,9.61644,8664.1,direct
E02000680,26.15,10.70812,9170.0,direct
E02000681,34.46,7.556702,6258.7,direct
E02000682,31.360000000000003,7.287482,7504.0,direct
E02000683,32.575,10.186475,7056.6,direct
E02000685,27.3,12.075391999999999,8407.6,direct
E02000686,40.4,6.576865,4353.3,direct
E02000687,26.02,14.116026,10636.9,direct
E02000689,7.5,7.647614,4645.7,direct
E02000690,6.675,2.84662,1022.6,direct
E02000691,9.1,22.4916,7923.1,direct
E02000692,5.42,21.40993,6690.3,direct
E02000693,12.66,14.434446,9406.2,direct
E02000694,10.22,13.095138,11754.9,direct
E02000695,13.919999999999998,9.621612,10712.9,direct
E02000696,18.42,9.27994,11646.4,direct
E02000697,6.9799999999999995,29.571659999999998,7535.8,direct
E02000698,5.76,9.677832,4692.8,direct
E02000699,6.4,11.968594,8825.6,direct
E02000700,23.380000000000003,8.03004,9394.7,direct
E02000701,21.259999999999998,13.9228,9418.7,direct
E02000702,25.0,7.851318000000001,5982.4,direct
E02000703,7.38,10.648579999999999,5399.0,direct
E02000704,13.779999999999998,13.371576,5146.0,direct
E02000705,15.179999999999998,6.264988,7512.1,direct
E02000706,28.380000000000003,11.404674,11093.3,direct
E02000707,26.5,5.121764,7162.2,direct
E02000708,8.34,6.4611220000000005,5398.5,direct
E02000709,7.4799999999999995,5.9289819999999995,4645.4,direct
E02000710,22.46,8.447958,2847.6,direct
E02000711,23.22,13.601958,7096.5,direct
E02000712,22.619999999999997,8.100212,5929.0,direct
E02000713,9.12,3.9574,5088.0,direct
E02000714,28.1,11.0195,14037.9,direct
E02000715,31.075,7.7218075,16767.0,direct
E02000716,31.0,9.1471175,4691.1,direct
E02000717,29.65,13.869055,16818.3,direct
E02000718,33.474999999999994,3.535945,11847.7,direct
E02000719,27.975,9.1403675,11631.9,direct
E02000720,25.125,11.25783,14275.6,direct
E02000721,33.54,12.710904000000001,16184.5,direct
E02000722,28.349999999999998,13.053542499999999,18000.9,direct
E02000723,25.0,16.55812,15765.4,direct
E02000724,27.74,9.987286000000001,20175.1,direct
E02000725,30.375,39.89075,12598.7,direct
E02000726,27.48,18.068654000000002,8239.833333333334,msoa11_msoa21_bridge
E02000727,27.275,14.862475,21589.0,direct
E02000728,25.860000000000003,12.122276000000001,13006.4,direct
E02000729,26.325,8.8049175,10404.7,direct
E02000730,27.025,14.02253,19725.9,direct
E02000731,29.48,20.39592,17149.3,direct
E02000732,33.675,15.21845,20154.0,direct
E02000733,30.22,21.31936,13641.4,direct
E02000734,29.325,17.665425,19180.5,direct
E02000735,30.925,16.228025,15708.8,direct
E02000736,32.06,6.554031999999999,7344.4,direct
E02000737,28.22,10.351968,12342.7,direct
E02000738,22.875,11.394745,20855.8,direct
E02000739,28.9,18.508875,17035.7,direct
E02000740,32.175,14.070342499999999,5348.6,direct
E02000741,28.35,12.6373125,10913.3,direct
E02000742,31.3,5.080085,11003.8,direct
E02000743,38.2,18.285625,16407.6,direct
E02000744,35.5,12.761475,15329.2,direct
E02000745,30.360000000000003,6.465646000000001,11870.8,direct
E02000746,35.65,9.2872925,2237.0,direct
E02000747,31.928571428571427,10.055642857142857,6901.7,direct
E02000748,26.25,5.7248825000000005,4711.9,direct
E02000749,40.339999999999996,8.616184,6731.0,direct
E02000750,21.966666666666665,6.962206666666667,6296.450000000001,msoa11_msoa21_bridge
E02000751,7.085714285714286,6.011138571428572,3629.4,direct
E02000752,28.75,3.858395,1798.0,direct
E02000753,23.45,6.0224575,9134.1,direct
E02000754,14.475000000000001,7.8328299999999995,5489.5,direct
E02000755,17.0,2.8512,4073.2,direct
E02000756,16.114285714285714,7.799091428571429,4061.0,direct
E02000757,9.299999999999999,7.570955714285715,8308.0,direct
E02000758,16.275,3.16241,6005.2,direct
E02000759,15.4,5.451034285714286,5582.9,direct
E02000760,21.85,6.31316,7250.5,direct
E02000762,10.075,8.1777625,8261.8,direct
E02000763,17.225,4.43538025,1036.1,direct
E02000764,11.1,12.24789,6195.0,direct
E02000765,13.05,10.08165,10376.4,direct
E02000767,15.25,7.9969775,9835.8,direct
E02000768,9.025,7.8788149999999995,3407.1,direct
E02000769,16.6,5.97884875,10824.6,msoa11_msoa21_bridge
E02000770,15.75,8.009895,6975.4,direct
E02000772,18.325,9.1274125,5974.2,direct
E02000773,16.375,8.367429999999999,11274.2,direct
E02000774,22.125,8.142949999999999,11940.8,direct
E02000776,16.875,13.339157499999999,11725.8,direct
E02000777,17.05,3.58922675,1715.6,direct
E02000779,25.8,16.6650875,9418.2,direct
E02000780,23.5375,11.6508425,13338.650000000001,msoa11_msoa21_bridge
E02000781,16.985714285714288,6.171321428571429,8648.0,direct
E02000782,28.3,11.292216,16771.8,direct
E02000783,26.924999999999997,8.441302499999999,13056.1,direct
E02000784,9.6,7.472815714285715,3837.1,direct
E02000785,6.933333333333334,8.296706666666667,2397.3,direct
E02000786,9.685714285714285,8.610065714285714,6171.4,direct
E02000787,13.771428571428572,11.84572,6867.4,direct
E02000788,6.4799999999999995,7.999447999999999,8385.4,direct
E02000789,9.9,11.802725,3432.7,direct
E02000790,5.449999999999999,7.851100000000001,8290.3,direct
E02000791,5.925,12.774615,5779.6,direct
E02000792,5.825,11.312815,5739.1,direct
E02000793,11.040000000000001,5.803051999999999,6110.2,direct
E02000794,7.3,8.080467500000001,4790.7,direct
E02000795,8.7,1.18675725,573.2,direct
E02000796,15.9,4.089213333333333,5797.7,direct
E02000797,6.725,16.9523725,8635.7,direct
E02000798,10.157142857142857,6.584821428571429,4603.8,direct
E02000799,5.6,9.0713775,5139.7,direct
E02000800,15.766666666666666,2.4457833333333334,2951.5,direct
E02000801,5.65,7.7973325,7181.8,direct
E02000802,7.525,6.74011,4844.4,direct
E02000803,17.666666666666668,4.122896666666667,4983.3,direct
E02000804,6.625,7.4976424999999995,1907.2,direct
E02000805,8.833333333333334,6.01771,3923.2,direct
E02000806,8.233333333333333,4.012221666666666,1497.6,direct
E02000807,15.34,11.4941,11517.6,direct
E02000808,19.9,81.70892,9669.1,direct
E02000809,14.3125,34.21086125,15669.1,msoa11_msoa21_bridge
E02000810,26.68,12.576736,17338.6,direct
E02000812,28.349999999999998,41.26853333333333,15374.1,direct
E02000813,27.04,22.58062,11445.4,direct
E02000814,19.82,10.66845,10488.2,direct
E02000815,31.950000000000003,63.9514,18072.2,direct
E02000816,29.5,9.503926,12650.1,direct
E02000817,34.925,12.3997125,10297.4,direct
E02000818,34.45,33.7918,16725.3,direct
E02000819,30.78,14.510559999999998,15832.7,direct
E02000820,27.633333333333336,39.77725,20539.9,direct
E02000821,40.22,12.323452,13031.6,direct
E02000822,33.42,18.951126,14021.3,direct
E02000823,29.759999999999998,15.222168,13494.4,direct
E02000824,32.44,11.283266000000001,10198.8,direct
E02000825,34.38,10.146006,19201.9,direct
E02000826,30.4,13.813118,17965.5,direct
E02000827,31.46666666666667,23.701233333333334,16604.5,direct
E02000828,35.075,30.006050000000002,13848.2,direct
E02000829,34.78,20.40044,13778.5,direct
E02000830,19.8,14.727954,10630.6,direct
E02000831,24.3,24.852520000000002,11605.7,direct
E02000832,30.54,14.271244,11452.9,direct
E02000833,19.72,16.85232,9060.9,direct
E02000834,18.360000000000003,14.32002,7735.7,direct
E02000835,20.35,7.15458,5259.9,direct
E02000836,14.419999999999998,12.368559999999999,10975.0,direct
E02000837,9.879999999999999,12.563296,3595.3,direct
E02000838,17.259999999999998,9.065544,8877.4,direct
E02000839,20.56,8.893358,3070.2,direct
E02000840,32.34,5.0036439999999995,6815.6,direct
E02000841,28.119999999999997,7.115233999999999,7954.3,direct
E02000842,9.84,5.158272,5116.2,direct
E02000843,15.7,6.539936,7410.6,direct
E02000844,20.939999999999998,5.897538,8564.5,direct
E02000845,9.120000000000001,4.7396519999999995,6252.9,direct
E02000846,10.75,9.2326075,5574.3,direct
E02000847,6.833333333333333,5.147078333333333,6110.6,direct
E02000848,7.74,5.2650999999999994,7081.7,direct
E02000849,12.739999999999998,7.790044,6849.0,direct
E02000850,11.942857142857141,5.526207142857143,2176.0,direct
E02000851,21.419999999999998,17.908098000000003,10142.8,direct
E02000852,9.08,7.758936,8593.7,direct
E02000853,13.34,9.450072,6554.1,direct
E02000854,10.02,9.652690000000002,4678.3,direct
E02000855,6.1,7.591818000000001,4408.4,direct
E02000856,11.52,10.952372,7448.5,direct
E02000857,10.28,18.36026,8816.0,direct
E02000858,32.68,4.796978,5589.5,direct
E02000859,11.4,7.3196460000000005,4961.7,direct
E02000860,20.580000000000002,10.500428,10003.4,direct
E02000861,5.04,4.6218379999999994,3035.0,direct
E02000863,10.525,2.0683949999999998,1026.3,direct
E02000864,33.25,7.904625,8921.9,direct
E02000865,34.85,28.733375000000002,17164.7,direct
E02000866,25.14,18.055414,9385.5,direct
E02000867,25.366666666666664,19.684253333333334,14002.5,direct
E02000868,28.725,25.901875,20022.3,direct
E02000869,32.225,21.2694,18453.6,direct
E02000870,29.575000000000003,24.0036,16129.1,direct
E02000871,34.6,20.192320000000002,17205.6,direct
E02000872,32.725,26.311725,17811.1,direct
E02000873,27.380000000000003,18.108506,19512.7,direct
E02000874,34.1,35.0924,21860.6,direct
E02000875,32.54,14.626084,20328.0,direct
E02000876,34.4,33.766775,13507.9,direct
E02000877,31.48,18.634059999999998,17094.6,direct
E02000878,31.060000000000002,54.30402,16342.4,direct
E02000879,30.675,20.577075,18799.0,direct
E02000880,30.974999999999998,29.579675,17487.2,direct
E02000881,40.65,10.112245,15345.7,direct
E02000882,36.4,21.58185,20022.6,direct
E02000883,40.150000000000006,11.960655000000001,19634.2,direct
E02000884,24.52,35.89406,23407.9,direct
E02000885,36.85,26.276525,20863.6,direct
E02000886,26.025,22.4997,19686.0,direct
E02000887,33.0,14.9197,18539.3,direct
E02000888,23.2,24.84382,16554.0,direct
E02000889,20.875,19.407625,15462.2,direct
E02000890,9.333333333333334,18.2748,10365.4,direct
E02000891,18.6625,14.6322375,14406.566666666666,msoa11_msoa21_bridge
E02000893,21.225,9.6527625,10363.4,direct
E02000894,13.116666666666667,9.264023333333334,20093.1,direct
E02000895,23.4,3.8010059999999997,3818.2,direct
E02000896,14.98,7.769532000000001,3314.9,direct
E02000897,28.1,4.4076439999999995,4554.0,direct
E02000898,23.98,4.416054,5231.2,direct
E02000899,20.18,6.348847999999999,7321.1,direct
E02000900,27.639999999999997,4.95885,5777.1,direct
E02000901,15.25,6.068968333333333,6099.6,direct
E02000902,25.1,6.714644,8189.4,direct
E02000903,35.62,4.478724,5225.3,direct
E02000904,20.475,5.7403375,5773.0,direct
E02000905,21.94,9.153498,9980.9,direct
E02000906,25.0,8.782676,15617.2,direct
E02000907,36.583333333333336,9.917808333333333,11839.7,direct
E02000908,21.84,10.366514,5478.3,direct
E02000909,19.759999999999998,12.765234,6641.1,direct
E02000910,24.650000000000002,23.836933333333334,14452.5,direct
E02000911,29.360000000000003,18.533179999999998,14557.0,direct
E02000912,28.82,7.5853660000000005,3897.3,direct
E02000913,24.02,13.346588,9119.5,direct
E02000914,34.78,18.535800000000002,16866.3,direct
E02000915,21.68,16.5029,5430.9,direct
E02000916,27.4,7.16092,4752.8,direct
E02000917,19.5,9.889436,14122.2,direct
E02000918,27.639999999999997,19.448259999999998,11202.8,direct
E02000919,21.26,20.36366,16424.9,direct
E02000920,27.880000000000003,10.653318,5894.9,direct
E02000921,30.833333333333332,16.801183333333334,13330.6,direct
E02000922,24.150000000000002,7.195813333333334,16022.4,direct
E02000923,12.6,12.5822875,7040.2,direct
E02000924,26.37142857142857,14.894661428571428,8923.35,msoa11_msoa21_bridge
E02000925,26.725,9.4631025,17865.2,direct
E02000926,15.883333333333333,18.375463333333332,18464.5,direct
E02000927,22.225,12.7390825,15770.8,direct
E02000928,9.8,15.179517999999998,8896.9,direct
E02000929,33.7,47.903325,20109.2,direct
E02000930,14.14,59.91548,12436.5,direct
E02000931,7.5,27.4329,11079.7,direct
E02000932,10.483333333333333,21.705516666666668,10147.0,direct
E02000933,10.3,10.946294,8249.9,direct
E02000934,12.24,48.77056,11356.5,direct
E02000935,28.65,4.3757325,5163.5,direct
E02000936,12.719999999999999,16.467723999999997,10388.2,direct
E02000937,9.32,19.890314,6656.1,direct
E02000938,22.78,7.114116,6116.7,direct
E02000939,7.539999999999999,10.311574,10736.0,direct
E02000940,21.175,13.289275,13302.9,direct
E02000941,12.466666666666667,11.934838333333332,9524.5,direct
E02000942,8.833333333333334,10.051475,9576.8,direct
E02000943,12.02,22.6978,12359.7,direct
E02000944,25.1,8.025045,13036.4,direct
E02000945,27.55,8.334615,3548.6,direct
E02000946,18.5,13.340732,7913.5,direct
E02000947,8.120000000000001,9.856698,11216.4,direct
E02000948,14.166666666666666,15.447346666666666,7554.4,direct
E02000949,11.0,16.313056666666668,7154.7,direct
E02000950,13.02,7.220632,8832.1,direct
E02000951,16.9,21.187224999999998,13063.2,direct
E02000952,19.875,15.49165,11006.4,direct
E02000953,11.399999999999999,12.8161075,10898.9,direct
E02000954,16.575,12.770814999999999,13540.5,direct
E02000955,26.175,16.851750000000003,12279.9,direct
E02000956,23.375,19.58665,8655.1,direct
E02000957,19.516666666666666,25.70375,14606.0,direct
E02000958,15.5,8.161553999999999,9290.5,direct
E02000959,21.15,8.615565,15054.5,direct
E02000960,10.05,13.5156975,6671.7,direct
E02000961,17.259999999999998,20.32536,12093.7,direct
E02000962,17.259999999999998,20.52268,11101.0,direct
E02000963,32.980000000000004,18.143819999999998,21601.3,direct
E02000964,29.383333333333336,21.625783333333334,23873.4,direct
E02000965,15.64,18.28268,16034.2,direct
E02000966,11.883333333333333,22.140983333333335,16518.5,direct
E02000967,9.35,50.25675,4282.9,direct
E02000968,40.95,34.7023,23792.3,direct
E02000969,38.9,20.30276,17689.2,direct
E02000970,9.540000000000001,54.079840000000004,6306.6,direct
E02000971,15.459999999999999,64.13514,13815.9,direct
E02000972,20.240000000000002,69.79556,6095.9,direct
E02000973,18.066666666666666,23.035816666666665,18357.0,direct
E02000974,20.150000000000002,53.589866666666666,12628.8,direct
E02000975,12.459999999999999,47.956959999999995,15308.6,direct
E02000976,18.05,35.42178333333333,18262.9,direct
E02000977,20.925,76.9077,2544.4,direct
E02000978,8.549999999999999,38.363216666666666,1983.7,direct
E02000979,21.240000000000002,57.367599999999996,5836.0,direct
E02000980,24.1,37.51642,19573.7,direct
E02000981,14.739999999999998,44.2581,22719.0,direct
E02000982,25.166666666666668,39.97725,11712.9,direct
E02000983,21.183333333333334,23.199941666666664,20298.1,direct
E02006782,19.1,5.106552,3125.9,direct
E02006783,35.7,9.74542,8284.8,direct
E02006784,33.72,6.967912,5521.8,direct
E02006785,17.25,6.8568175,4868.1,direct
E02006786,24.45,5.991365,6075.6,direct
E02006787,10.32,9.7141,5232.7,direct
E02006788,29.78,9.489322,5461.4,direct
E02006789,13.075,1.72968925,302.3,direct
E02006791,15.975,10.63515,11038.8,direct
E02006792,13.040000000000001,16.34238,6210.9,direct
E02006793,39.739999999999995,9.695682,9733.6,direct
E02006794,43.4,16.730475,11949.8,direct
E02006795,11.2,9.29908,8560.0,direct
E02006796,12.620000000000001,4.909014,2254.1,direct
E02006798,35.62,22.088082,10835.1,direct
E02006799,35.06666666666667,9.303948333333333,10355.2,direct
E02006800,21.099999999999998,10.535661428571428,8921.4,direct
E02006801,20.98,94.31721999999999,7465.1,direct
E02006802,31.96,92.69200000000001,13445.4,direct
E02006836,4.6,3.5626422000000004,2614.2,direct
E02006853,22.02,7.5249120000000005,21999.2,direct
E02006854,13.35,18.879649999999998,7699.9,direct
E02006882,12.555555555555555,6.7305,6763.8,direct
E02006918,34.56,10.096688,16184.2,direct
E02006921,36.225,11.808305,17508.3,direct
E02006924,16.1875,10.294823749999999,5652.5,direct
E02006925,10.6125,5.334005,5788.4,direct
E02006927,20.419999999999998,7.200785999999999,4904.4,direct
E02006928,19.2,15.300382500000001,22365.5,direct
E02006929,27.04,11.832128,7352.8,msoa11_msoa21_bridge
E02006930,20.725,16.95865,11345.9,direct
E02006931,19.0,16.908924000000003,4745.2,direct
